"Date","Demographic.Level","Not.at.all","Somewhat","Moderately","Very.much.so","Completely"
"18.3.24","National",22,40,30,7,1
"18.3.24","Female",25,42,28,5,0
"18.3.24","Male",19,38,32,9,2
"18.3.24","18-24",19,39,31,7,4
"18.3.24","25-49",16,38,33,12,1
"18.3.24","50-64",25,37,31,6,1
"18.3.24","65+",28,46,24,2,0
"18.3.24","Asian",17,34,36,11,2
"18.3.24","Black",22,50,21,7,0
"18.3.24","Mixed",11,67,10,12,0
"18.3.24","Other Ethnicity",61,21,17,0,1
"18.3.24","White",21,40,31,7,1
"18.3.24","Brexit Party",26,43,22,9,0
"18.3.24","Conservatives",22,40,29,8,1
"18.3.24","Greens",24,36,30,9,1
"18.3.24","Labour",21,39,31,7,1
"18.3.24","Liberal Democrats",20,39,34,7,0
"18.3.24","Other Party",23,43,29,6,0
"18.3.24","SNP",21,55,19,5,0
"18.3.24","Female 18-24",24,37,35,4,1
"18.3.24","Female 25-49",19,40,31,10,0
"18.3.24","Female 50-64",30,38,28,4,0
"18.3.24","Female 65+",28,50,21,1,0
"18.3.24","Male 18-24",15,41,28,10,6
"18.3.24","Male 25-49",12,36,35,15,3
"18.3.24","Male 50-64",19,36,34,8,2
"18.3.24","Male 65+",28,42,27,3,0
"18.3.24","Female Asian",21,34,36,9,0
"18.3.24","Female Black",19,50,24,7,0
"18.3.24","Female Mixed",8,74,11,7,0
"18.3.24","Female Other",58,26,16,0,0
"18.3.24","Female White",25,41,28,5,0
"18.3.24","Male Asian",12,34,37,13,4
"18.3.24","Male Black",24,50,19,7,0
"18.3.24","Male Mixed",15,60,9,16,0
"18.3.24","Male Other",63,18,17,0,2
"18.3.24","Male White",16,38,34,10,2
"18.3.24","Female Brexit Party",40,36,24,0,0
"18.3.24","Female Conservatives",24,45,26,5,0
"18.3.24","Female Greens",28,38,28,7,0
"18.3.24","Female Labour",24,40,31,5,0
"18.3.24","Female Liberal Democrats",27,36,31,6,0
"18.3.24","Female Other",30,42,25,4,0
"18.3.24","Female SNP",25,53,15,6,0
"18.3.24","Male Brexit Party",19,46,21,14,0
"18.3.24","Male Conservatives",20,35,31,11,3
"18.3.24","Male Greens",20,33,33,12,2
"18.3.24","Male Labour",18,39,32,8,2
"18.3.24","Male Liberal Democrats",14,41,38,7,0
"18.3.24","Male Other",19,44,31,7,0
"18.3.24","Male SNP",18,57,22,4,0
"18.3.24","18-24 Asian",15,33,42,10,0
"18.3.24","18-24 Black",4,59,30,7,0
"18.3.24","18-24 Mixed",11,76,12,0,0
"18.3.24","18-24 Other",79,0,21,0,0
"18.3.24","18-24 White",19,37,32,7,5
"18.3.24","25-49 Asian",14,33,35,17,1
"18.3.24","25-49 Black",24,33,29,14,0
"18.3.24","25-49 Mixed",6,42,22,31,0
"18.3.24","25-49 Other",17,61,18,0,3
"18.3.24","25-49 White",16,38,33,11,1
"18.3.24","50-64 Asian",27,36,31,0,6
"18.3.24","50-64 Black",21,24,47,8,0
"18.3.24","50-64 Mixed",20,32,6,42,0
"18.3.24","50-64 Other",36,33,31,0,0
"18.3.24","50-64 White",25,38,30,6,1
"18.3.24","65+ Asian",19,37,45,0,0
"18.3.24","65+ Black",26,74,0,0,0
"18.3.24","65+ Mixed",13,83,4,0,0
"18.3.24","65+ Other",88,0,12,0,0
"18.3.24","65+ White",25,44,28,3,0
"18.3.24","18-24 Brexit Party",4,96,1,0,0
"18.3.24","18-24 Conservatives",8,18,39,28,6
"18.3.24","18-24 Greens",4,54,42,0,0
"18.3.24","18-24 Labour",24,40,30,2,4
"18.3.24","18-24 Liberal Democrats",16,42,41,0,0
"18.3.24","18-24 Other",8,57,36,0,0
"18.3.24","18-24 SNP",36,64,0,0,0
"18.3.24","25-49 Brexit Party",8,30,29,34,0
"18.3.24","25-49 Conservatives",15,35,32,15,2
"18.3.24","25-49 Greens",31,29,29,9,2
"18.3.24","25-49 Labour",17,38,34,10,1
"18.3.24","25-49 Liberal Democrats",12,40,36,12,0
"18.3.24","25-49 Other",4,58,31,6,0
"18.3.24","25-49 SNP",11,54,24,11,0
"18.3.24","50-64 Brexit Party",36,51,14,0,0
"18.3.24","50-64 Conservatives",25,35,31,6,2
"18.3.24","50-64 Greens",30,27,23,20,0
"18.3.24","50-64 Labour",22,38,34,6,0
"18.3.24","50-64 Liberal Democrats",25,37,34,3,0
"18.3.24","50-64 Other",26,39,21,14,0
"18.3.24","50-64 SNP",26,59,15,0,0
"18.3.24","65+ Brexit Party",35,37,28,0,0
"18.3.24","65+ Conservatives",26,49,23,2,0
"18.3.24","65+ Greens",15,52,33,0,0
"18.3.24","65+ Labour",33,45,21,2,0
"18.3.24","65+ Liberal Democrats",31,36,30,4,0
"18.3.24","65+ Other",43,27,30,0,0
"18.3.24","65+ SNP",31,43,26,0,0
"18.3.24","Asian Brexit Party",3,67,1,29,0
"18.3.24","Asian Conservatives",19,25,32,19,5
"18.3.24","Asian Greens",0,0,100,0,0
"18.3.24","Asian Labour",21,38,36,6,0
"18.3.24","Asian Liberal Democrats",9,26,59,6,0
"18.3.24","Asian Other",18,82,0,0,0
"18.3.24","Asian SNP",0,100,0,0,0
"18.3.24","Black Brexit Party",82,6,0,12,0
"18.3.24","Black Conservatives",0,67,28,5,0
"18.3.24","Black Greens",93,0,6,0,0
"18.3.24","Black Labour",18,43,25,14,0
"18.3.24","Black Liberal Democrats",88,12,0,0,0
"18.3.24","Black Other",96,3,0,0,0
"18.3.24","Black SNP",0,100,0,0,0
"18.3.24","Mixed Brexit Party",0,88,0,12,0
"18.3.24","Mixed Conservatives",15,64,0,21,0
"18.3.24","Mixed Greens",0,100,0,0,0
"18.3.24","Mixed Labour",13,49,33,5,0
"18.3.24","Mixed Liberal Democrats",0,100,0,0,0
"18.3.24","Mixed Other",0,100,0,0,0
"18.3.24","Mixed SNP",0,100,0,0,0
"18.3.24","Other Brexit Party",80,20,0,0,0
"18.3.24","Other Conservatives",77,23,0,0,0
"18.3.24","Other Greens",0,0,100,0,0
"18.3.24","Other Labour",58,29,10,0,3
"18.3.24","Other Liberal Democrats",0,0,100,0,0
"18.3.24","Other Ethnicity Other Party",76,24,0,0,0
"18.3.24","Other SNP",77,23,0,0,0
"18.3.24","White Brexit Party",23,42,27,8,0
"18.3.24","White Conservatives",21,39,31,7,1
"18.3.24","White Greens",24,41,23,11,1
"18.3.24","White Labour",21,39,32,7,1
"18.3.24","White Liberal Democrats",19,41,33,8,0
"18.3.24","White Other",17,40,36,7,0
"18.3.24","White SNP",24,46,24,6,0
"19.2.24","National",19,40,30,10,2
"19.2.24","Female",23,41,29,7,0
"19.2.24","Male",14,40,30,13,3
"19.2.24","18-24",19,33,28,17,3
"19.2.24","25-49",16,38,34,10,3
"19.2.24","50-64",21,42,29,7,2
"19.2.24","65+",19,46,25,10,0
"19.2.24","Asian",12,34,39,11,4
"19.2.24","Black",6,26,24,34,10
"19.2.24","Mixed",15,32,47,1,5
"19.2.24","Other Ethnicity",11,75,5,6,3
"19.2.24","White",20,41,29,9,1
"19.2.24","Brexit Party",33,27,24,17,0
"19.2.24","Conservatives",17,40,30,11,3
"19.2.24","Greens",21,28,44,5,2
"19.2.24","Labour",21,43,29,7,1
"19.2.24","Liberal Democrats",15,41,29,14,1
"19.2.24","Other Party",22,48,20,6,3
"19.2.24","SNP",18,38,36,8,1
"19.2.24","Female 18-24",22,36,28,14,0
"19.2.24","Female 25-49",20,35,36,8,0
"19.2.24","Female 50-64",26,45,24,4,0
"19.2.24","Female 65+",23,48,24,4,0
"19.2.24","Male 18-24",16,31,29,19,5
"19.2.24","Male 25-49",13,40,31,11,5
"19.2.24","Male 50-64",16,38,33,10,3
"19.2.24","Male 65+",15,43,26,15,0
"19.2.24","Female Asian",15,32,47,5,0
"19.2.24","Female Black",11,36,26,23,3
"19.2.24","Female Mixed",13,36,51,0,0
"19.2.24","Female Other",24,65,5,6,0
"19.2.24","Female White",24,42,28,6,0
"19.2.24","Male Asian",9,36,30,16,8
"19.2.24","Male Black",3,19,22,41,15
"19.2.24","Male Mixed",17,28,42,3,10
"19.2.24","Male Other",4,80,4,6,5
"19.2.24","Male White",16,40,31,11,1
"19.2.24","Female Brexit Party",51,24,21,4,0
"19.2.24","Female Conservatives",20,44,29,7,0
"19.2.24","Female Greens",23,29,48,0,0
"19.2.24","Female Labour",25,42,29,5,0
"19.2.24","Female Liberal Democrats",19,38,31,13,0
"19.2.24","Female Other",44,43,11,3,0
"19.2.24","Female SNP",23,32,36,9,0
"19.2.24","Male Brexit Party",24,28,25,23,0
"19.2.24","Male Conservatives",13,37,31,14,5
"19.2.24","Male Greens",18,28,40,11,3
"19.2.24","Male Labour",17,43,28,10,2
"19.2.24","Male Liberal Democrats",11,45,27,15,2
"19.2.24","Male Other",10,51,26,9,5
"19.2.24","Male SNP",13,43,36,7,1
"19.2.24","18-24 Asian",13,29,26,17,15
"19.2.24","18-24 Black",0,41,18,41,0
"19.2.24","18-24 Mixed",21,25,51,3,0
"19.2.24","18-24 Other",32,41,2,2,23
"19.2.24","18-24 White",21,34,29,16,0
"19.2.24","25-49 Asian",11,33,48,7,2
"19.2.24","25-49 Black",10,12,46,16,16
"19.2.24","25-49 Mixed",18,37,21,4,19
"19.2.24","25-49 Other",16,48,15,18,3
"19.2.24","25-49 White",17,40,32,10,2
"19.2.24","50-64 Asian",12,43,25,16,5
"19.2.24","50-64 Black",15,32,14,11,28
"19.2.24","50-64 Mixed",11,88,0,1,0
"19.2.24","50-64 Other",0,100,0,0,0
"19.2.24","50-64 White",23,40,31,6,0
"19.2.24","65+ Asian",14,34,38,14,0
"19.2.24","65+ Black",2,30,11,57,0
"19.2.24","65+ Mixed",12,22,66,0,0
"19.2.24","65+ Other",7,92,0,1,0
"19.2.24","65+ White",23,46,25,7,0
"19.2.24","18-24 Brexit Party",64,4,8,24,0
"19.2.24","18-24 Conservatives",19,17,42,14,8
"19.2.24","18-24 Greens",18,19,53,10,0
"19.2.24","18-24 Labour",21,45,27,5,1
"19.2.24","18-24 Liberal Democrats",0,9,0,91,0
"19.2.24","18-24 Other",0,100,0,0,0
"19.2.24","18-24 SNP",27,36,37,0,0
"19.2.24","25-49 Brexit Party",24,20,12,45,0
"19.2.24","25-49 Conservatives",14,38,33,10,5
"19.2.24","25-49 Greens",19,26,48,3,4
"19.2.24","25-49 Labour",18,40,33,9,1
"19.2.24","25-49 Liberal Democrats",15,38,37,7,3
"19.2.24","25-49 Other",15,47,26,12,0
"19.2.24","25-49 SNP",17,26,40,16,1
"19.2.24","50-64 Brexit Party",6,60,30,4,0
"19.2.24","50-64 Conservatives",21,40,27,9,3
"19.2.24","50-64 Greens",13,33,45,9,0
"19.2.24","50-64 Labour",24,41,29,5,0
"19.2.24","50-64 Liberal Democrats",25,40,32,3,1
"19.2.24","50-64 Other",14,37,36,10,3
"19.2.24","50-64 SNP",10,68,22,0,0
"19.2.24","65+ Brexit Party",63,3,29,5,0
"19.2.24","65+ Conservatives",15,44,29,12,0
"19.2.24","65+ Greens",39,37,24,0,0
"19.2.24","65+ Labour",29,51,14,6,0
"19.2.24","65+ Liberal Democrats",10,61,22,7,0
"19.2.24","65+ Other",42,43,8,0,7
"19.2.24","65+ SNP",21,37,42,0,0
"19.2.24","Asian Brexit Party",0,4,13,83,0
"19.2.24","Asian Conservatives",11,27,42,10,11
"19.2.24","Asian Greens",0,0,75,25,0
"19.2.24","Asian Labour",20,37,37,5,0
"19.2.24","Asian Liberal Democrats",0,42,44,14,0
"19.2.24","Asian Other",0,100,0,0,0
"19.2.24","Asian SNP",0,58,22,20,0
"19.2.24","Black Brexit Party",0,0,80,20,0
"19.2.24","Black Conservatives",0,21,8,53,17
"19.2.24","Black Greens",0,0,90,10,0
"19.2.24","Black Labour",12,36,31,22,0
"19.2.24","Black Liberal Democrats",13,39,21,12,15
"19.2.24","Black Other",75,11,0,0,14
"19.2.24","Black SNP",0,0,100,0,0
"19.2.24","Mixed Brexit Party",61,16,0,23,0
"19.2.24","Mixed Conservatives",0,17,74,0,9
"19.2.24","Mixed Greens",5,0,65,27,3
"19.2.24","Mixed Labour",40,31,29,0,0
"19.2.24","Mixed Liberal Democrats",0,100,0,0,0
"19.2.24","Mixed Other",0,78,0,22,0
"19.2.24","Mixed SNP",45,38,0,0,16
"19.2.24","Other Brexit Party",6,43,0,52,0
"19.2.24","Other Conservatives",0,100,0,0,0
"19.2.24","Other Greens",0,43,35,22,0
"19.2.24","Other Labour",39,26,13,10,12
"19.2.24","Other Liberal Democrats",0,100,0,0,0
"19.2.24","Other Ethnicity Other Party",0,100,0,0,0
"19.2.24","Other SNP",0,62,1,37,0
"19.2.24","White Brexit Party",38,30,23,9,0
"19.2.24","White Conservatives",20,41,30,9,1
"19.2.24","White Greens",26,34,37,1,2
"19.2.24","White Labour",20,45,28,6,0
"19.2.24","White Liberal Democrats",17,36,30,16,1
"19.2.24","White Other",23,41,26,7,3
"19.2.24","White SNP",20,37,37,6,0
"22.1.24","National",17,41,32,8,2
"22.1.24","Female",20,42,31,5,2
"22.1.24","Male",14,40,32,12,2
"22.1.24","18-24",9,39,35,13,5
"22.1.24","25-49",14,37,36,10,2
"22.1.24","50-64",19,42,31,6,2
"22.1.24","65+",23,45,25,6,1
"22.1.24","Asian",9,30,44,10,6
"22.1.24","Black",3,48,19,18,12
"22.1.24","Mixed",9,47,16,26,1
"22.1.24","Other Ethnicity",43,32,19,0,5
"22.1.24","White",18,42,33,7,1
"22.1.24","Brexit Party",17,30,47,5,1
"22.1.24","Conservatives",18,40,29,11,2
"22.1.24","Greens",15,32,38,8,8
"22.1.24","Labour",16,45,32,6,0
"22.1.24","Liberal Democrats",18,38,36,7,2
"22.1.24","Other Party",13,47,32,8,0
"22.1.24","SNP",22,33,36,3,7
"22.1.24","Female 18-24",11,46,34,8,1
"22.1.24","Female 25-49",17,39,36,7,2
"22.1.24","Female 50-64",23,45,25,4,3
"22.1.24","Female 65+",26,42,29,2,1
"22.1.24","Male 18-24",7,33,35,17,8
"22.1.24","Male 25-49",12,36,36,14,2
"22.1.24","Male 50-64",14,40,37,8,1
"22.1.24","Male 65+",19,48,22,10,1
"22.1.24","Female Asian",7,37,52,4,0
"22.1.24","Female Black",4,38,21,21,16
"22.1.24","Female Mixed",13,65,21,1,0
"22.1.24","Female Other",41,23,28,0,8
"22.1.24","Female White",22,42,30,5,1
"22.1.24","Male Asian",12,23,37,16,12
"22.1.24","Male Black",2,55,18,16,9
"22.1.24","Male Mixed",5,29,12,52,2
"22.1.24","Male Other",45,38,14,0,4
"22.1.24","Male White",14,41,35,10,1
"22.1.24","Female Brexit Party",24,30,42,0,4
"22.1.24","Female Conservatives",22,42,28,6,2
"22.1.24","Female Greens",13,29,47,6,5
"22.1.24","Female Labour",18,45,32,5,0
"22.1.24","Female Liberal Democrats",19,37,35,6,2
"22.1.24","Female Other",21,50,29,0,0
"22.1.24","Female SNP",24,35,39,2,1
"22.1.24","Male Brexit Party",13,31,49,7,0
"22.1.24","Male Conservatives",13,39,30,16,2
"22.1.24","Male Greens",18,35,27,10,10
"22.1.24","Male Labour",13,44,33,9,1
"22.1.24","Male Liberal Democrats",17,38,36,7,2
"22.1.24","Male Other",9,45,34,13,0
"22.1.24","Male SNP",19,32,33,4,12
"22.1.24","18-24 Asian",3,41,31,5,21
"22.1.24","18-24 Black",0,17,1,45,36
"22.1.24","18-24 Mixed",0,11,71,18,0
"22.1.24","18-24 Other",7,45,47,0,0
"22.1.24","18-24 White",11,42,35,12,0
"22.1.24","25-49 Asian",9,26,51,11,4
"22.1.24","25-49 Black",6,20,44,26,3
"22.1.24","25-49 Mixed",11,42,24,20,2
"22.1.24","25-49 Other",16,56,11,0,17
"22.1.24","25-49 White",16,39,34,9,1
"22.1.24","50-64 Asian",7,29,46,15,4
"22.1.24","50-64 Black",5,10,27,22,36
"22.1.24","50-64 Mixed",70,0,0,27,3
"22.1.24","50-64 Other",0,99,0,0,1
"22.1.24","50-64 White",20,44,31,5,0
"22.1.24","65+ Asian",25,38,30,7,0
"22.1.24","65+ Black",0,100,0,0,0
"22.1.24","65+ Mixed",1,67,0,32,0
"22.1.24","65+ Other",76,2,22,0,0
"22.1.24","65+ White",22,42,30,5,1
"22.1.24","18-24 Brexit Party",0,22,78,0,0
"22.1.24","18-24 Conservatives",7,40,15,23,15
"22.1.24","18-24 Greens",0,1,84,9,6
"22.1.24","18-24 Labour",13,46,30,10,1
"22.1.24","18-24 Liberal Democrats",0,43,41,16,0
"22.1.24","18-24 Other",2,16,78,4,0
"22.1.24","18-24 SNP",0,1,88,0,10
"22.1.24","25-49 Brexit Party",18,40,20,17,4
"22.1.24","25-49 Conservatives",13,35,35,16,1
"22.1.24","25-49 Greens",9,38,36,10,8
"22.1.24","25-49 Labour",14,43,36,7,0
"22.1.24","25-49 Liberal Democrats",15,27,46,8,5
"22.1.24","25-49 Other",20,39,21,20,0
"22.1.24","25-49 SNP",30,29,28,4,9
"22.1.24","50-64 Brexit Party",14,37,49,0,0
"22.1.24","50-64 Conservatives",19,40,30,9,3
"22.1.24","50-64 Greens",22,35,25,7,12
"22.1.24","50-64 Labour",20,46,32,3,0
"22.1.24","50-64 Liberal Democrats",17,43,35,4,0
"22.1.24","50-64 Other",22,37,36,5,0
"22.1.24","50-64 SNP",13,57,21,5,3
"22.1.24","65+ Brexit Party",21,17,62,0,0
"22.1.24","65+ Conservatives",22,44,26,7,1
"22.1.24","65+ Greens",38,41,20,2,0
"22.1.24","65+ Labour",22,49,24,5,0
"22.1.24","65+ Liberal Democrats",31,48,17,3,0
"22.1.24","65+ Other",2,72,27,0,0
"22.1.24","65+ SNP",29,44,27,0,0
"22.1.24","Asian Brexit Party",0,100,0,0,0
"22.1.24","Asian Conservatives",10,22,46,16,6
"22.1.24","Asian Greens",0,0,48,0,52
"22.1.24","Asian Labour",10,40,40,10,0
"22.1.24","Asian Liberal Democrats",14,15,71,0,0
"22.1.24","Asian Other",0,100,0,0,0
"22.1.24","Asian SNP",0,26,28,0,46
"22.1.24","Black Brexit Party",0,100,0,0,0
"22.1.24","Black Conservatives",0,55,13,11,21
"22.1.24","Black Greens",0,20,0,70,11
"22.1.24","Black Labour",7,38,27,24,5
"22.1.24","Black Liberal Democrats",0,35,37,28,0
"22.1.24","Black Other",49,43,0,7,0
"22.1.24","Black SNP",0,83,6,0,11
"22.1.24","Mixed Brexit Party",12,80,8,0,0
"22.1.24","Mixed Conservatives",6,36,7,51,0
"22.1.24","Mixed Greens",18,4,10,63,5
"22.1.24","Mixed Labour",7,57,36,0,0
"22.1.24","Mixed Liberal Democrats",27,73,0,0,0
"22.1.24","Mixed Other",9,69,12,10,0
"22.1.24","Mixed SNP",4,34,42,0,20
"22.1.24","Other Brexit Party",11,39,50,0,0
"22.1.24","Other Conservatives",75,25,0,0,0
"22.1.24","Other Greens",0,8,46,0,46
"22.1.24","Other Labour",0,50,50,0,0
"22.1.24","Other Liberal Democrats",46,26,4,0,24
"22.1.24","Other Ethnicity Other Party",14,86,0,0,0
"22.1.24","Other SNP",0,10,52,0,38
"22.1.24","White Brexit Party",20,17,55,6,2
"22.1.24","White Conservatives",17,42,31,9,1
"22.1.24","White Greens",19,38,40,3,1
"22.1.24","White Labour",18,45,31,5,0
"22.1.24","White Liberal Democrats",18,39,35,7,2
"22.1.24","White Other",12,39,39,9,0
"22.1.24","White SNP",27,32,38,4,0
"4.3.24","National",22,41,29,7,1
"4.3.24","Female",25,46,24,5,0
"4.3.24","Male",20,36,34,9,1
"4.3.24","18-24",20,39,26,12,3
"4.3.24","25-49",20,39,33,7,1
"4.3.24","50-64",24,44,27,4,0
"4.3.24","65+",25,41,26,8,0
"4.3.24","Asian",14,39,36,9,2
"4.3.24","Black",7,39,40,14,0
"4.3.24","Mixed",18,18,16,43,5
"4.3.24","Other Ethnicity",52,29,19,0,0
"4.3.24","White",23,43,29,5,0
"4.3.24","Brexit Party",36,30,27,4,3
"4.3.24","Conservatives",22,40,29,9,1
"4.3.24","Greens",25,47,16,13,0
"4.3.24","Labour",25,41,27,6,0
"4.3.24","Liberal Democrats",14,41,41,4,1
"4.3.24","Other Party",34,42,9,9,6
"4.3.24","SNP",16,56,25,2,1
"4.3.24","Female 18-24",23,47,19,11,0
"4.3.24","Female 25-49",23,45,29,3,0
"4.3.24","Female 50-64",26,51,19,3,1
"4.3.24","Female 65+",27,43,24,7,0
"4.3.24","Male 18-24",16,32,33,14,5
"4.3.24","Male 25-49",17,34,38,10,2
"4.3.24","Male 50-64",22,37,36,5,0
"4.3.24","Male 65+",23,40,28,9,0
"4.3.24","Female Asian",17,46,31,5,0
"4.3.24","Female Black",11,31,45,13,0
"4.3.24","Female Mixed",15,12,17,56,0
"4.3.24","Female Other",42,43,14,0,0
"4.3.24","Female White",26,48,23,2,0
"4.3.24","Male Asian",10,31,42,12,5
"4.3.24","Male Black",3,46,37,14,0
"4.3.24","Male Mixed",20,23,16,30,10
"4.3.24","Male Other",58,21,21,0,0
"4.3.24","Male White",20,37,35,8,1
"4.3.24","Female Brexit Party",40,30,27,3,0
"4.3.24","Female Conservatives",25,46,24,6,0
"4.3.24","Female Greens",26,57,12,6,0
"4.3.24","Female Labour",28,44,23,4,0
"4.3.24","Female Liberal Democrats",16,47,33,2,1
"4.3.24","Female Other",43,40,2,15,0
"4.3.24","Female SNP",11,60,27,3,0
"4.3.24","Male Brexit Party",33,30,27,5,5
"4.3.24","Male Conservatives",20,34,34,11,2
"4.3.24","Male Greens",23,36,20,20,0
"4.3.24","Male Labour",21,38,33,8,1
"4.3.24","Male Liberal Democrats",11,36,48,5,0
"4.3.24","Male Other",28,44,13,6,9
"4.3.24","Male SNP",21,52,24,2,1
"4.3.24","18-24 Asian",14,33,31,7,15
"4.3.24","18-24 Black",0,31,33,37,0
"4.3.24","18-24 Mixed",8,28,10,54,0
"4.3.24","18-24 Other",26,56,18,0,0
"4.3.24","18-24 White",23,41,27,9,1
"4.3.24","25-49 Asian",10,41,39,9,0
"4.3.24","25-49 Black",10,29,41,20,0
"4.3.24","25-49 Mixed",17,20,38,5,20
"4.3.24","25-49 Other",16,45,39,0,0
"4.3.24","25-49 White",22,40,31,6,0
"4.3.24","50-64 Asian",23,33,39,5,0
"4.3.24","50-64 Black",17,26,44,14,0
"4.3.24","50-64 Mixed",69,26,6,0,0
"4.3.24","50-64 Other",5,92,0,3,0
"4.3.24","50-64 White",24,46,26,4,0
"4.3.24","65+ Asian",15,45,27,12,0
"4.3.24","65+ Black",2,57,41,0,0
"4.3.24","65+ Mixed",12,12,9,67,0
"4.3.24","65+ Other",89,0,11,0,0
"4.3.24","65+ White",24,45,27,4,0
"4.3.24","18-24 Brexit Party",3,86,2,6,3
"4.3.24","18-24 Conservatives",5,32,34,21,8
"4.3.24","18-24 Greens",4,60,0,37,0
"4.3.24","18-24 Labour",30,35,22,11,2
"4.3.24","18-24 Liberal Democrats",12,46,42,0,0
"4.3.24","18-24 Other",18,65,0,17,0
"4.3.24","18-24 SNP",4,59,38,0,0
"4.3.24","25-49 Brexit Party",23,12,54,0,10
"4.3.24","25-49 Conservatives",20,33,37,9,1
"4.3.24","25-49 Greens",27,45,14,14,0
"4.3.24","25-49 Labour",22,44,30,5,0
"4.3.24","25-49 Liberal Democrats",13,40,41,6,0
"4.3.24","25-49 Other",15,44,7,23,10
"4.3.24","25-49 SNP",21,50,25,2,1
"4.3.24","50-64 Brexit Party",50,50,0,0,0
"4.3.24","50-64 Conservatives",25,45,26,5,0
"4.3.24","50-64 Greens",29,41,26,3,0
"4.3.24","50-64 Labour",23,43,30,4,0
"4.3.24","50-64 Liberal Democrats",17,44,34,2,3
"4.3.24","50-64 Other",37,38,25,0,0
"4.3.24","50-64 SNP",14,59,22,5,0
"4.3.24","65+ Brexit Party",36,17,36,11,0
"4.3.24","65+ Conservatives",24,42,24,10,0
"4.3.24","65+ Greens",32,49,18,0,0
"4.3.24","65+ Labour",33,39,22,5,0
"4.3.24","65+ Liberal Democrats",12,38,47,4,0
"4.3.24","65+ Other",54,38,0,1,7
"4.3.24","65+ SNP",13,68,19,0,0
"4.3.24","Asian Brexit Party",3,36,60,0,0
"4.3.24","Asian Conservatives",14,30,40,10,6
"4.3.24","Asian Greens",0,29,22,49,0
"4.3.24","Asian Labour",18,45,30,7,0
"4.3.24","Asian Liberal Democrats",0,34,66,0,0
"4.3.24","Asian Other",76,0,0,24,0
"4.3.24","Asian SNP",0,100,0,0,0
"4.3.24","Black Brexit Party",23,0,71,6,0
"4.3.24","Black Conservatives",6,32,48,14,0
"4.3.24","Black Greens",0,23,8,69,0
"4.3.24","Black Labour",8,42,36,14,0
"4.3.24","Black Liberal Democrats",0,55,45,0,0
"4.3.24","Black Other",55,0,0,45,0
"4.3.24","Black SNP",0,100,0,0,0
"4.3.24","Mixed Brexit Party",50,6,19,25,0
"4.3.24","Mixed Conservatives",21,0,5,65,9
"4.3.24","Mixed Greens",0,43,33,24,0
"4.3.24","Mixed Labour",15,40,11,34,0
"4.3.24","Mixed Liberal Democrats",0,14,86,0,0
"4.3.24","Mixed Other",83,0,0,3,14
"4.3.24","Mixed SNP",0,84,0,0,16
"4.3.24","Other Brexit Party",64,15,21,0,0
"4.3.24","Other Conservatives",65,24,11,0,0
"4.3.24","Other Greens",85,0,0,15,0
"4.3.24","Other Labour",39,53,8,0,0
"4.3.24","Other Liberal Democrats",0,11,89,0,0
"4.3.24","Other Ethnicity Other Party",100,0,0,0,0
"4.3.24","Other SNP",100,0,0,0,0
"4.3.24","White Brexit Party",37,33,22,4,4
"4.3.24","White Conservatives",22,44,29,6,0
"4.3.24","White Greens",28,52,15,5,0
"4.3.24","White Labour",27,40,28,4,0
"4.3.24","White Liberal Democrats",17,43,34,5,1
"4.3.24","White Other",23,53,11,7,6
"4.3.24","White SNP",16,49,32,3,0
"5.2.24","National",18,38,32,11,1
"5.2.24","Female",20,44,29,7,1
"5.2.24","Male",17,32,34,15,2
"5.2.24","18-24",22,31,30,14,2
"5.2.24","25-49",16,32,36,13,2
"5.2.24","50-64",22,43,27,7,1
"5.2.24","65+",16,44,30,10,0
"5.2.24","Asian",13,31,36,17,3
"5.2.24","Black",1,17,58,15,9
"5.2.24","Mixed",23,62,15,1,0
"5.2.24","Other Ethnicity",10,37,6,46,1
"5.2.24","White",20,39,32,9,1
"5.2.24","Brexit Party",18,15,54,11,2
"5.2.24","Conservatives",18,37,29,14,1
"5.2.24","Greens",6,45,33,12,4
"5.2.24","Labour",18,40,33,8,1
"5.2.24","Liberal Democrats",21,38,30,10,1
"5.2.24","Other Party",28,24,39,5,5
"5.2.24","SNP",14,40,40,2,5
"5.2.24","Female 18-24",25,36,26,11,3
"5.2.24","Female 25-49",16,37,36,10,1
"5.2.24","Female 50-64",23,51,21,5,1
"5.2.24","Female 65+",19,50,28,3,0
"5.2.24","Male 18-24",20,27,35,17,2
"5.2.24","Male 25-49",15,28,36,17,3
"5.2.24","Male 50-64",21,34,34,9,2
"5.2.24","Male 65+",13,38,32,17,1
"5.2.24","Female Asian",14,38,37,11,0
"5.2.24","Female Black",0,21,53,21,6
"5.2.24","Female Mixed",19,65,16,1,0
"5.2.24","Female Other",23,57,4,16,0
"5.2.24","Female White",21,44,28,5,1
"5.2.24","Male Asian",13,24,35,23,5
"5.2.24","Male Black",2,14,62,10,12
"5.2.24","Male Mixed",27,59,13,1,0
"5.2.24","Male Other",3,25,7,64,1
"5.2.24","Male White",18,33,35,12,1
"5.2.24","Female Brexit Party",39,42,14,3,1
"5.2.24","Female Conservatives",19,44,28,9,0
"5.2.24","Female Greens",6,41,37,13,3
"5.2.24","Female Labour",20,45,30,5,1
"5.2.24","Female Liberal Democrats",22,42,30,5,2
"5.2.24","Female Other",49,27,20,4,0
"5.2.24","Female SNP",16,44,36,2,2
"5.2.24","Male Brexit Party",7,1,75,15,3
"5.2.24","Male Conservatives",18,30,30,19,2
"5.2.24","Male Greens",6,50,29,11,4
"5.2.24","Male Labour",15,35,37,11,2
"5.2.24","Male Liberal Democrats",21,34,30,14,0
"5.2.24","Male Other",15,23,50,5,7
"5.2.24","Male SNP",13,35,43,2,7
"5.2.24","18-24 Asian",15,25,45,15,0
"5.2.24","18-24 Black",0,21,25,37,16
"5.2.24","18-24 Mixed",60,9,31,0,0
"5.2.24","18-24 Other",4,51,1,44,0
"5.2.24","18-24 White",23,33,30,12,2
"5.2.24","25-49 Asian",14,27,37,18,4
"5.2.24","25-49 Black",0,11,59,16,14
"5.2.24","25-49 Mixed",22,46,29,3,0
"5.2.24","25-49 Other",29,30,17,24,0
"5.2.24","25-49 White",16,34,36,12,1
"5.2.24","50-64 Asian",11,42,30,17,0
"5.2.24","50-64 Black",6,21,30,27,17
"5.2.24","50-64 Mixed",90,0,10,0,0
"5.2.24","50-64 Other",0,100,0,0,0
"5.2.24","50-64 White",23,43,28,5,1
"5.2.24","65+ Asian",11,39,35,14,1
"5.2.24","65+ Black",0,19,81,0,0
"5.2.24","65+ Mixed",2,95,3,0,0
"5.2.24","65+ Other",3,24,2,70,2
"5.2.24","65+ White",20,44,30,6,0
"5.2.24","18-24 Brexit Party",0,0,94,0,6
"5.2.24","18-24 Conservatives",25,13,13,48,0
"5.2.24","18-24 Greens",0,55,40,0,5
"5.2.24","18-24 Labour",24,39,28,7,2
"5.2.24","18-24 Liberal Democrats",31,19,41,0,8
"5.2.24","18-24 Other",16,2,78,0,4
"5.2.24","18-24 SNP",1,36,62,0,0
"5.2.24","25-49 Brexit Party",0,34,28,35,3
"5.2.24","25-49 Conservatives",15,27,36,19,3
"5.2.24","25-49 Greens",9,29,35,22,4
"5.2.24","25-49 Labour",15,36,38,9,1
"5.2.24","25-49 Liberal Democrats",21,36,32,12,0
"5.2.24","25-49 Other",25,27,37,11,0
"5.2.24","25-49 SNP",20,29,37,4,10
"5.2.24","50-64 Brexit Party",31,14,48,3,4
"5.2.24","50-64 Conservatives",23,42,25,8,1
"5.2.24","50-64 Greens",7,56,23,10,4
"5.2.24","50-64 Labour",22,43,28,5,1
"5.2.24","50-64 Liberal Democrats",23,47,26,4,0
"5.2.24","50-64 Other",26,21,48,4,0
"5.2.24","50-64 SNP",11,54,33,0,2
"5.2.24","65+ Brexit Party",23,3,74,0,0
"5.2.24","65+ Conservatives",17,44,29,10,0
"5.2.24","65+ Greens",0,61,39,0,0
"5.2.24","65+ Labour",13,52,27,8,0
"5.2.24","65+ Liberal Democrats",17,41,28,14,0
"5.2.24","65+ Other",34,30,22,0,13
"5.2.24","65+ SNP",13,54,34,0,0
"5.2.24","Asian Brexit Party",0,26,74,0,0
"5.2.24","Asian Conservatives",8,19,39,31,3
"5.2.24","Asian Greens",0,0,27,73,0
"5.2.24","Asian Labour",16,38,39,7,0
"5.2.24","Asian Liberal Democrats",22,54,24,0,0
"5.2.24","Asian Other",94,0,0,0,6
"5.2.24","Asian SNP",0,45,27,0,28
"5.2.24","Black Brexit Party",0,8,49,0,43
"5.2.24","Black Conservatives",0,0,72,22,6
"5.2.24","Black Greens",0,23,0,0,77
"5.2.24","Black Labour",0,26,55,13,6
"5.2.24","Black Liberal Democrats",8,37,55,0,0
"5.2.24","Black Other",0,94,0,0,6
"5.2.24","Black SNP",0,52,0,0,48
"5.2.24","Mixed Brexit Party",4,32,64,0,0
"5.2.24","Mixed Conservatives",22,72,6,0,0
"5.2.24","Mixed Greens",0,0,67,33,0
"5.2.24","Mixed Labour",34,48,18,0,0
"5.2.24","Mixed Liberal Democrats",9,89,2,0,0
"5.2.24","Mixed Other",60,0,39,0,1
"5.2.24","Mixed SNP",0,34,66,0,0
"5.2.24","Other Brexit Party",11,21,68,0,0
"5.2.24","Other Conservatives",9,17,0,74,0
"5.2.24","Other Greens",19,61,0,20,0
"5.2.24","Other Labour",6,46,16,33,0
"5.2.24","Other Liberal Democrats",0,100,0,0,0
"5.2.24","Other Ethnicity Other Party",46,12,0,0,42
"5.2.24","Other SNP",65,35,0,0,0
"5.2.24","White Brexit Party",22,13,51,13,0
"5.2.24","White Conservatives",21,40,28,10,1
"5.2.24","White Greens",7,53,36,5,0
"5.2.24","White Labour",19,41,32,7,1
"5.2.24","White Liberal Democrats",24,32,32,12,1
"5.2.24","White Other",21,24,47,6,3
"5.2.24","White SNP",15,39,44,2,0
"2.4.24","National",20,38,32,9,1
"2.4.24","Female",24,40,28,7,1
"2.4.24","Male",16,35,36,11,1
"2.4.24","18-24",19,36,34,10,1
"2.4.24","25-49",17,36,36,10,1
"2.4.24","50-64",21,39,32,8,1
"2.4.24","65+",25,40,28,6,1
"2.4.24","Asian",15,35,37,11,1
"2.4.24","Black",9,26,44,19,3
"2.4.24","Mixed",22,39,30,7,1
"2.4.24","Other",42,38,17,3,0
"2.4.24","White",20,38,32,8,1
"2.4.24","Brexit Party",19,37,33,9,1
"2.4.24","Conservatives",19,37,33,9,1
"2.4.24","Greens",26,40,27,6,1
"2.4.24","Labour",22,38,31,8,1
"2.4.24","Liberal Democrats",19,37,34,10,1
"2.4.24","Other",18,36,34,10,1
"2.4.24","SNP",22,39,30,8,1
"2.4.24","Female 18-24",26,41,26,6,1
"2.4.24","Female 25-49",21,39,31,8,1
"2.4.24","Female 50-64",24,40,28,6,1
"2.4.24","Female 65+",28,41,25,5,1
"2.4.24","Male 18-24",12,31,41,14,2
"2.4.24","Male 25-49",12,32,41,13,2
"2.4.24","Male 50-64",17,37,35,9,1
"2.4.24","Male 65+",23,39,30,7,1
"2.4.24","Female Asian",19,39,33,8,1
"2.4.24","Female Black",10,30,43,15,2
"2.4.24","Female Mixed",26,41,26,6,1
"2.4.24","Female Other",48,36,13,2,0
"2.4.24","Female White",24,41,28,6,1
"2.4.24","Male Asian",11,31,41,14,2
"2.4.24","Male Black",7,24,45,21,3
"2.4.24","Male Mixed",18,37,34,9,1
"2.4.24","Male Other",38,39,18,3,0
"2.4.24","Male White",16,36,36,10,1
"2.4.24","Female Brexit Party",24,40,28,7,1
"2.4.24","Female Conservatives",22,40,30,7,1
"2.4.24","Female Greens",31,41,23,5,1
"2.4.24","Female Labour",26,41,27,6,1
"2.4.24","Female Liberal Democrats",22,40,30,7,1
"2.4.24","Female Other",23,40,29,7,1
"2.4.24","Female SNP",27,41,26,6,1
"2.4.24","Male Brexit Party",17,36,36,10,1
"2.4.24","Male Conservatives",16,35,37,11,2
"2.4.24","Male Greens",20,38,32,8,1
"2.4.24","Male Labour",17,36,36,10,1
"2.4.24","Male Liberal Democrats",15,34,38,12,2
"2.4.24","Male Other",15,34,37,12,2
"2.4.24","Male SNP",18,36,35,10,1
"2.4.24","18-24 Asian",15,34,37,12,2
"2.4.24","18-24 Black",8,25,43,21,3
"2.4.24","18-24 Mixed",19,37,34,9,1
"2.4.24","18-24 Other",39,38,19,4,0
"2.4.24","18-24 White",19,37,33,9,1
"2.4.24","25-49 Asian",14,34,39,12,2
"2.4.24","25-49 Black",7,23,45,22,3
"2.4.24","25-49 Mixed",18,37,35,10,1
"2.4.24","25-49 Other",35,40,20,4,0
"2.4.24","25-49 White",17,36,35,10,1
"2.4.24","50-64 Asian",17,37,35,9,1
"2.4.24","50-64 Black",9,27,44,18,3
"2.4.24","50-64 Mixed",21,40,31,7,1
"2.4.24","50-64 Other",42,39,16,3,0
"2.4.24","50-64 White",21,40,31,7,1
"2.4.24","65+ Asian",21,40,31,7,1
"2.4.24","65+ Black",10,29,43,16,2
"2.4.24","65+ Mixed",25,41,27,6,1
"2.4.24","65+ Other",46,37,14,2,0
"2.4.24","65+ White",25,41,27,6,1
"2.4.24","18-24 Brexit Party",11,30,42,15,2
"2.4.24","18-24 Conservatives",14,32,39,13,2
"2.4.24","18-24 Greens",24,38,30,8,1
"2.4.24","18-24 Labour",21,37,32,9,1
"2.4.24","18-24 Liberal Democrats",16,34,37,12,2
"2.4.24","18-24 Other",14,32,39,13,2
"2.4.24","18-24 SNP",20,37,33,9,1
"2.4.24","25-49 Brexit Party",14,34,38,12,2
"2.4.24","25-49 Conservatives",14,34,38,12,2
"2.4.24","25-49 Greens",22,39,30,8,1
"2.4.24","25-49 Labour",19,37,34,9,1
"2.4.24","25-49 Liberal Democrats",15,34,38,12,2
"2.4.24","25-49 Other",13,33,39,13,2
"2.4.24","25-49 SNP",19,38,33,9,1
"2.4.24","50-64 Brexit Party",19,38,33,8,1
"2.4.24","50-64 Conservatives",19,38,33,9,1
"2.4.24","50-64 Greens",28,41,25,5,1
"2.4.24","50-64 Labour",24,40,28,6,1
"2.4.24","50-64 Liberal Democrats",20,39,32,8,1
"2.4.24","50-64 Other",18,37,35,9,1
"2.4.24","50-64 SNP",25,41,27,6,1
"2.4.24","65+ Brexit Party",25,40,28,6,1
"2.4.24","65+ Conservatives",24,40,29,7,1
"2.4.24","65+ Greens",35,40,20,4,0
"2.4.24","65+ Labour",30,41,24,5,1
"2.4.24","65+ Liberal Democrats",25,40,28,7,1
"2.4.24","65+ Other",24,40,29,7,1
"2.4.24","65+ SNP",30,40,24,5,1
"2.4.24","Asian Brexit Party",14,34,39,12,2
"2.4.24","Asian Conservatives",14,34,38,12,2
"2.4.24","Asian Greens",20,39,32,8,1
"2.4.24","Asian Labour",17,37,35,10,1
"2.4.24","Asian Liberal Democrats",14,34,39,12,2
"2.4.24","Asian Other",13,33,40,13,2
"2.4.24","Asian SNP",17,37,35,10,1
"2.4.24","Black Brexit Party",8,26,44,19,3
"2.4.24","Black Conservatives",8,25,44,19,3
"2.4.24","Black Greens",12,31,41,14,2
"2.4.24","Black Labour",9,28,43,17,3
"2.4.24","Black Liberal Democrats",8,25,44,20,3
"2.4.24","Black Other",8,24,44,21,3
"2.4.24","Black SNP",10,28,43,17,2
"2.4.24","Mixed Brexit Party",21,39,31,8,1
"2.4.24","Mixed Conservatives",21,39,31,8,1
"2.4.24","Mixed Greens",28,40,25,6,1
"2.4.24","Mixed Labour",23,39,29,7,1
"2.4.24","Mixed Liberal Democrats",20,38,32,8,1
"2.4.24","Mixed Other",20,38,32,8,1
"2.4.24","Mixed SNP",24,40,29,7,1
"2.4.24","Other Brexit Party",41,39,17,3,0
"2.4.24","Other Conservatives",40,39,17,3,0
"2.4.24","Other Greens",50,35,13,2,0
"2.4.24","Other Labour",44,37,15,3,0
"2.4.24","Other Liberal Democrats",40,39,18,3,0
"2.4.24","Other Other",39,39,18,3,0
"2.4.24","Other SNP",45,37,15,3,0
"2.4.24","White Brexit Party",19,38,33,9,1
"2.4.24","White Conservatives",19,38,33,9,1
"2.4.24","White Greens",27,40,27,6,1
"2.4.24","White Labour",22,39,30,7,1
"2.4.24","White Liberal Democrats",19,38,34,9,1
"2.4.24","White Other",18,37,34,9,1
"2.4.24","White SNP",23,39,30,7,1
"15.4.24","National",20,39,33,7,1
"15.4.24","Female",24,41,29,5,1
"15.4.24","Male",16,36,38,9,2
"15.4.24","18-24",15,36,38,9,2
"15.4.24","25-49",16,36,37,9,2
"15.4.24","50-64",23,41,29,5,1
"15.4.24","65+",24,41,29,5,1
"15.4.24","Asian",13,33,41,11,2
"15.4.24","Black",11,31,43,13,3
"15.4.24","Mixed",31,41,23,4,1
"15.4.24","Other",25,41,28,5,1
"15.4.24","White",20,39,32,7,1
"15.4.24","Brexit Party",28,41,26,5,1
"15.4.24","Conservatives",19,39,33,7,1
"15.4.24","Greens",19,38,34,8,2
"15.4.24","Labour",20,39,32,7,1
"15.4.24","Liberal Democrats",20,39,33,7,1
"15.4.24","Other",16,36,37,9,2
"15.4.24","SNP",18,37,35,8,2
"15.4.24","Female 18-24",19,39,34,7,1
"15.4.24","Female 25-49",21,40,32,6,1
"15.4.24","Female 50-64",28,42,25,4,1
"15.4.24","Female 65+",27,42,26,4,1
"15.4.24","Male 18-24",12,34,41,11,2
"15.4.24","Male 25-49",11,31,43,12,3
"15.4.24","Male 50-64",19,40,34,7,1
"15.4.24","Male 65+",21,40,31,6,1
"15.4.24","Female Asian",16,38,36,8,2
"15.4.24","Female Black",13,35,40,10,2
"15.4.24","Female Mixed",36,41,19,3,1
"15.4.24","Female Other",30,42,23,4,1
"15.4.24","Female White",25,42,28,5,1
"15.4.24","Male Asian",9,29,45,14,3
"15.4.24","Male Black",9,28,45,15,3
"15.4.24","Male Mixed",26,41,27,5,1
"15.4.24","Male Other",23,41,30,6,1
"15.4.24","Male White",16,37,37,9,2
"15.4.24","Female Brexit Party",35,41,20,3,1
"15.4.24","Female Conservatives",23,41,29,5,1
"15.4.24","Female Greens",23,41,30,6,1
"15.4.24","Female Labour",25,41,28,5,1
"15.4.24","Female Liberal Democrats",25,41,28,5,1
"15.4.24","Female Other",21,40,31,6,1
"15.4.24","Female SNP",22,41,30,6,1
"15.4.24","Male Brexit Party",24,41,29,6,1
"15.4.24","Male Conservatives",15,36,38,9,2
"15.4.24","Male Greens",14,35,39,10,2
"15.4.24","Male Labour",15,36,38,9,2
"15.4.24","Male Liberal Democrats",16,36,37,9,2
"15.4.24","Male Other",14,34,40,10,2
"15.4.24","Male SNP",14,34,40,10,2
"15.4.24","18-24 Asian",11,32,43,12,2
"15.4.24","18-24 Black",8,27,46,15,3
"15.4.24","18-24 Mixed",24,42,28,5,1
"15.4.24","18-24 Other",21,40,32,6,1
"15.4.24","18-24 White",16,37,37,8,2
"15.4.24","25-49 Asian",11,31,42,12,3
"15.4.24","25-49 Black",9,27,45,15,3
"15.4.24","25-49 Mixed",25,41,28,5,1
"15.4.24","25-49 Other",20,39,32,7,1
"15.4.24","25-49 White",16,37,37,9,2
"15.4.24","50-64 Asian",17,38,36,8,1
"15.4.24","50-64 Black",13,35,40,10,2
"15.4.24","50-64 Mixed",35,41,20,3,1
"15.4.24","50-64 Other",30,42,24,4,1
"15.4.24","50-64 White",24,41,28,5,1
"15.4.24","65+ Asian",17,39,36,7,1
"15.4.24","65+ Black",12,34,42,10,2
"15.4.24","65+ Mixed",35,42,20,3,1
"15.4.24","65+ Other",28,42,25,4,1
"15.4.24","65+ White",24,42,28,5,1
"15.4.24","18-24 Brexit Party",18,39,35,7,1
"15.4.24","18-24 Conservatives",13,34,41,11,2
"15.4.24","18-24 Greens",15,36,39,9,2
"15.4.24","18-24 Labour",17,38,36,8,2
"15.4.24","18-24 Liberal Democrats",15,36,38,9,2
"15.4.24","18-24 Other",12,32,42,11,2
"15.4.24","18-24 SNP",14,35,39,10,2
"15.4.24","25-49 Brexit Party",20,39,33,7,1
"15.4.24","25-49 Conservatives",14,34,40,10,2
"15.4.24","25-49 Greens",15,36,38,9,2
"15.4.24","25-49 Labour",17,37,36,8,2
"15.4.24","25-49 Liberal Democrats",15,36,38,9,2
"15.4.24","25-49 Other",12,32,42,12,3
"15.4.24","25-49 SNP",15,35,38,10,2
"15.4.24","50-64 Brexit Party",31,42,23,4,1
"15.4.24","50-64 Conservatives",22,40,31,6,1
"15.4.24","50-64 Greens",23,41,29,5,1
"15.4.24","50-64 Labour",26,42,27,5,1
"15.4.24","50-64 Liberal Democrats",24,41,28,5,1
"15.4.24","50-64 Other",18,39,34,7,1
"15.4.24","50-64 SNP",24,41,29,5,1
"15.4.24","65+ Brexit Party",33,41,21,3,1
"15.4.24","65+ Conservatives",23,41,30,6,1
"15.4.24","65+ Greens",25,42,27,5,1
"15.4.24","65+ Labour",28,42,25,4,1
"15.4.24","65+ Liberal Democrats",25,42,27,5,1
"15.4.24","65+ Other",21,40,31,6,1
"15.4.24","65+ SNP",23,41,29,5,1
"15.4.24","Asian Brexit Party",18,38,34,7,1
"15.4.24","Asian Conservatives",12,33,41,11,2
"15.4.24","Asian Greens",12,33,41,11,2
"15.4.24","Asian Labour",14,34,40,10,2
"15.4.24","Asian Liberal Democrats",13,33,41,11,2
"15.4.24","Asian Other",10,30,44,13,3
"15.4.24","Asian SNP",12,32,42,12,2
"15.4.24","Black Brexit Party",16,37,37,8,2
"15.4.24","Black Conservatives",10,31,44,13,3
"15.4.24","Black Greens",10,30,44,13,3
"15.4.24","Black Labour",11,32,42,12,3
"15.4.24","Black Liberal Democrats",11,31,43,12,3
"15.4.24","Black Other",9,28,45,15,3
"15.4.24","Black SNP",10,29,44,14,3
"15.4.24","Mixed Brexit Party",42,39,16,2,0
"15.4.24","Mixed Conservatives",31,42,23,4,1
"15.4.24","Mixed Greens",29,41,25,4,1
"15.4.24","Mixed Labour",32,41,23,4,1
"15.4.24","Mixed Liberal Democrats",31,41,23,4,1
"15.4.24","Mixed Other",27,41,26,5,1
"15.4.24","Mixed SNP",28,41,25,4,1
"15.4.24","Other Brexit Party",35,41,20,3,1
"15.4.24","Other Conservatives",25,41,28,5,1
"15.4.24","Other Greens",24,41,29,5,1
"15.4.24","Other Labour",26,41,27,5,1
"15.4.24","Other Liberal Democrats",26,41,27,5,1
"15.4.24","Other Other",22,40,31,6,1
"15.4.24","Other SNP",23,41,29,6,1
"15.4.24","White Brexit Party",29,41,25,4,1
"15.4.24","White Conservatives",20,39,33,7,1
"15.4.24","White Greens",19,39,33,7,1
"15.4.24","White Labour",21,40,32,6,1
"15.4.24","White Liberal Democrats",20,39,32,7,1
"15.4.24","White Other",17,37,36,8,2
"15.4.24","White SNP",19,38,34,7,1
"15.4.24","National",20,39,33,7,1
"15.4.24","Female",24,41,29,5,1
"15.4.24","Male",16,36,38,9,2
"15.4.24","18-24",15,36,38,9,2
"15.4.24","25-49",16,36,37,9,2
"15.4.24","50-64",23,41,29,5,1
"15.4.24","65+",24,41,29,5,1
"15.4.24","Asian",13,33,41,11,2
"15.4.24","Black",11,31,43,13,3
"15.4.24","Mixed",31,41,23,4,1
"15.4.24","Other",25,41,28,5,1
"15.4.24","White",20,39,32,7,1
"15.4.24","Brexit Party",28,41,26,5,1
"15.4.24","Conservatives",19,39,33,7,1
"15.4.24","Greens",19,38,34,8,2
"15.4.24","Labour",20,39,32,7,1
"15.4.24","Liberal Democrats",20,39,33,7,1
"15.4.24","Other",16,36,37,9,2
"15.4.24","SNP",18,37,35,8,2
"15.4.24","Female 18-24",19,39,34,7,1
"15.4.24","Female 25-49",21,40,32,6,1
"15.4.24","Female 50-64",28,42,25,4,1
"15.4.24","Female 65+",27,42,26,4,1
"15.4.24","Male 18-24",12,34,41,11,2
"15.4.24","Male 25-49",11,31,43,12,3
"15.4.24","Male 50-64",19,40,34,7,1
"15.4.24","Male 65+",21,40,31,6,1
"15.4.24","Female Asian",16,38,36,8,2
"15.4.24","Female Black",13,35,40,10,2
"15.4.24","Female Mixed",36,41,19,3,1
"15.4.24","Female Other",30,42,23,4,1
"15.4.24","Female White",25,42,28,5,1
"15.4.24","Male Asian",9,29,45,14,3
"15.4.24","Male Black",9,28,45,15,3
"15.4.24","Male Mixed",26,41,27,5,1
"15.4.24","Male Other",23,41,30,6,1
"15.4.24","Male White",16,37,37,9,2
"15.4.24","Female Brexit Party",35,41,20,3,1
"15.4.24","Female Conservatives",23,41,29,5,1
"15.4.24","Female Greens",23,41,30,6,1
"15.4.24","Female Labour",25,41,28,5,1
"15.4.24","Female Liberal Democrats",25,41,28,5,1
"15.4.24","Female Other",21,40,31,6,1
"15.4.24","Female SNP",22,41,30,6,1
"15.4.24","Male Brexit Party",24,41,29,6,1
"15.4.24","Male Conservatives",15,36,38,9,2
"15.4.24","Male Greens",14,35,39,10,2
"15.4.24","Male Labour",15,36,38,9,2
"15.4.24","Male Liberal Democrats",16,36,37,9,2
"15.4.24","Male Other",14,34,40,10,2
"15.4.24","Male SNP",14,34,40,10,2
"15.4.24","18-24 Asian",11,32,43,12,2
"15.4.24","18-24 Black",8,27,46,15,3
"15.4.24","18-24 Mixed",24,42,28,5,1
"15.4.24","18-24 Other",21,40,32,6,1
"15.4.24","18-24 White",16,37,37,8,2
"15.4.24","25-49 Asian",11,31,42,12,3
"15.4.24","25-49 Black",9,27,45,15,3
"15.4.24","25-49 Mixed",25,41,28,5,1
"15.4.24","25-49 Other",20,39,32,7,1
"15.4.24","25-49 White",16,37,37,9,2
"15.4.24","50-64 Asian",17,38,36,8,1
"15.4.24","50-64 Black",13,35,40,10,2
"15.4.24","50-64 Mixed",35,41,20,3,1
"15.4.24","50-64 Other",30,42,24,4,1
"15.4.24","50-64 White",24,41,28,5,1
"15.4.24","65+ Asian",17,39,36,7,1
"15.4.24","65+ Black",12,34,42,10,2
"15.4.24","65+ Mixed",35,42,20,3,1
"15.4.24","65+ Other",28,42,25,4,1
"15.4.24","65+ White",24,42,28,5,1
"15.4.24","18-24 Brexit Party",18,39,35,7,1
"15.4.24","18-24 Conservatives",13,34,41,11,2
"15.4.24","18-24 Greens",15,36,39,9,2
"15.4.24","18-24 Labour",17,38,36,8,2
"15.4.24","18-24 Liberal Democrats",15,36,38,9,2
"15.4.24","18-24 Other",12,32,42,11,2
"15.4.24","18-24 SNP",14,35,39,10,2
"15.4.24","25-49 Brexit Party",20,39,33,7,1
"15.4.24","25-49 Conservatives",14,34,40,10,2
"15.4.24","25-49 Greens",15,36,38,9,2
"15.4.24","25-49 Labour",17,37,36,8,2
"15.4.24","25-49 Liberal Democrats",15,36,38,9,2
"15.4.24","25-49 Other",12,32,42,12,3
"15.4.24","25-49 SNP",15,35,38,10,2
"15.4.24","50-64 Brexit Party",31,42,23,4,1
"15.4.24","50-64 Conservatives",22,40,31,6,1
"15.4.24","50-64 Greens",23,41,29,5,1
"15.4.24","50-64 Labour",26,42,27,5,1
"15.4.24","50-64 Liberal Democrats",24,41,28,5,1
"15.4.24","50-64 Other",18,39,34,7,1
"15.4.24","50-64 SNP",24,41,29,5,1
"15.4.24","65+ Brexit Party",33,41,21,3,1
"15.4.24","65+ Conservatives",23,41,30,6,1
"15.4.24","65+ Greens",25,42,27,5,1
"15.4.24","65+ Labour",28,42,25,4,1
"15.4.24","65+ Liberal Democrats",25,42,27,5,1
"15.4.24","65+ Other",21,40,31,6,1
"15.4.24","65+ SNP",23,41,29,5,1
"15.4.24","Asian Brexit Party",18,38,34,7,1
"15.4.24","Asian Conservatives",12,33,41,11,2
"15.4.24","Asian Greens",12,33,41,11,2
"15.4.24","Asian Labour",14,34,40,10,2
"15.4.24","Asian Liberal Democrats",13,33,41,11,2
"15.4.24","Asian Other",10,30,44,13,3
"15.4.24","Asian SNP",12,32,42,12,2
"15.4.24","Black Brexit Party",16,37,37,8,2
"15.4.24","Black Conservatives",10,31,44,13,3
"15.4.24","Black Greens",10,30,44,13,3
"15.4.24","Black Labour",11,32,42,12,3
"15.4.24","Black Liberal Democrats",11,31,43,12,3
"15.4.24","Black Other",9,28,45,15,3
"15.4.24","Black SNP",10,29,44,14,3
"15.4.24","Mixed Brexit Party",42,39,16,2,0
"15.4.24","Mixed Conservatives",31,42,23,4,1
"15.4.24","Mixed Greens",29,41,25,4,1
"15.4.24","Mixed Labour",32,41,23,4,1
"15.4.24","Mixed Liberal Democrats",31,41,23,4,1
"15.4.24","Mixed Other",27,41,26,5,1
"15.4.24","Mixed SNP",28,41,25,4,1
"15.4.24","Other Brexit Party",35,41,20,3,1
"15.4.24","Other Conservatives",25,41,28,5,1
"15.4.24","Other Greens",24,41,29,5,1
"15.4.24","Other Labour",26,41,27,5,1
"15.4.24","Other Liberal Democrats",26,41,27,5,1
"15.4.24","Other Other",22,40,31,6,1
"15.4.24","Other SNP",23,41,29,6,1
"15.4.24","White Brexit Party",29,41,25,4,1
"15.4.24","White Conservatives",20,39,33,7,1
"15.4.24","White Greens",19,39,33,7,1
"15.4.24","White Labour",21,40,32,6,1
"15.4.24","White Liberal Democrats",20,39,32,7,1
"15.4.24","White Other",17,37,36,8,2
"15.4.24","White SNP",19,38,34,7,1
"29.4.24","National",20,36,34,8,1
"29.4.24","Female",24,39,30,6,1
"29.4.24","Male",16,34,38,10,1
"29.4.24","18-24",17,35,37,10,1
"29.4.24","25-49",16,34,38,10,1
"29.4.24","50-64",24,38,31,7,1
"29.4.24","65+",24,39,30,7,1
"29.4.24","Asian",13,31,41,13,2
"29.4.24","Black",10,28,44,15,2
"29.4.24","Mixed",25,39,30,6,1
"29.4.24","Other",38,39,20,3,0
"29.4.24","White",20,37,33,8,1
"29.4.24","Brexit Party",26,38,29,6,1
"29.4.24","Conservatives",20,36,34,8,1
"29.4.24","Greens",19,35,36,9,1
"29.4.24","Labour",21,37,34,8,1
"29.4.24","Liberal Democrats",19,36,35,9,1
"29.4.24","Other",21,37,33,8,1
"29.4.24","SNP",19,35,36,9,1
"29.4.24","Female 18-24",21,38,33,7,1
"29.4.24","Female 25-49",20,38,34,8,1
"29.4.24","Female 50-64",28,40,26,5,1
"29.4.24","Female 65+",27,40,27,5,1
"29.4.24","Male 18-24",13,31,42,12,2
"29.4.24","Male 25-49",12,31,42,13,2
"29.4.24","Male 50-64",18,37,35,8,1
"29.4.24","Male 65+",21,37,33,8,1
"29.4.24","Female Asian",16,35,38,10,1
"29.4.24","Female Black",13,31,42,12,2
"29.4.24","Female Mixed",29,40,26,5,1
"29.4.24","Female Other",44,37,16,3,0
"29.4.24","Female White",25,39,29,6,1
"29.4.24","Male Asian",10,27,45,16,2
"29.4.24","Male Black",9,25,46,18,3
"29.4.24","Male Mixed",20,38,33,8,1
"29.4.24","Male Other",34,39,22,4,0
"29.4.24","Male White",16,35,38,10,1
"29.4.24","Female Brexit Party",33,39,23,4,1
"29.4.24","Female Conservatives",24,39,30,6,1
"29.4.24","Female Greens",22,38,31,7,1
"29.4.24","Female Labour",24,39,30,6,1
"29.4.24","Female Liberal Democrats",23,38,31,7,1
"29.4.24","Female Other",26,39,28,6,1
"29.4.24","Female SNP",23,38,31,7,1
"29.4.24","Male Brexit Party",22,38,32,7,1
"29.4.24","Male Conservatives",16,34,38,10,1
"29.4.24","Male Greens",14,32,40,12,2
"29.4.24","Male Labour",16,34,38,10,1
"29.4.24","Male Liberal Democrats",15,33,39,11,1
"29.4.24","Male Other",18,35,37,10,1
"29.4.24","Male SNP",15,33,40,11,2
"29.4.24","18-24 Asian",12,30,43,14,2
"29.4.24","18-24 Black",9,25,46,18,3
"29.4.24","18-24 Mixed",20,37,34,8,1
"29.4.24","18-24 Other",34,39,22,4,0
"29.4.24","18-24 White",17,36,37,9,1
"29.4.24","25-49 Asian",11,29,43,14,2
"29.4.24","25-49 Black",8,25,46,18,3
"29.4.24","25-49 Mixed",20,37,34,8,1
"29.4.24","25-49 Other",32,39,23,4,1
"29.4.24","25-49 White",17,35,37,10,1
"29.4.24","50-64 Asian",17,35,37,10,1
"29.4.24","50-64 Black",13,31,42,13,2
"29.4.24","50-64 Mixed",28,40,27,5,1
"29.4.24","50-64 Other",43,37,17,3,0
"29.4.24","50-64 White",24,39,30,6,1
"29.4.24","65+ Asian",17,36,37,9,1
"29.4.24","65+ Black",11,30,43,14,2
"29.4.24","65+ Mixed",28,40,27,5,1
"29.4.24","65+ Other",41,38,18,3,0
"29.4.24","65+ White",24,39,30,6,1
"29.4.24","18-24 Brexit Party",17,35,37,9,1
"29.4.24","18-24 Conservatives",14,32,40,12,2
"29.4.24","18-24 Greens",15,34,39,11,1
"29.4.24","18-24 Labour",18,36,36,9,1
"29.4.24","18-24 Liberal Democrats",15,34,39,11,1
"29.4.24","18-24 Other",16,34,38,10,1
"29.4.24","18-24 SNP",15,33,39,11,1
"29.4.24","25-49 Brexit Party",19,36,35,8,1
"29.4.24","25-49 Conservatives",15,33,39,11,2
"29.4.24","25-49 Greens",15,33,39,11,1
"29.4.24","25-49 Labour",18,35,37,9,1
"29.4.24","25-49 Liberal Democrats",15,33,39,11,1
"29.4.24","25-49 Other",16,34,39,11,1
"29.4.24","25-49 SNP",16,34,39,11,1
"29.4.24","50-64 Brexit Party",28,39,26,5,1
"29.4.24","50-64 Conservatives",22,38,32,7,1
"29.4.24","50-64 Greens",23,38,31,7,1
"29.4.24","50-64 Labour",26,39,29,6,1
"29.4.24","50-64 Liberal Democrats",23,38,31,7,1
"29.4.24","50-64 Other",22,38,32,7,1
"29.4.24","50-64 SNP",24,39,30,7,1
"29.4.24","65+ Brexit Party",31,39,25,5,1
"29.4.24","65+ Conservatives",23,38,31,7,1
"29.4.24","65+ Greens",24,39,30,6,1
"29.4.24","65+ Labour",27,39,28,6,1
"29.4.24","65+ Liberal Democrats",24,38,30,7,1
"29.4.24","65+ Other",26,39,28,6,1
"29.4.24","65+ SNP",23,38,31,7,1
"29.4.24","Asian Brexit Party",17,35,37,10,1
"29.4.24","Asian Conservatives",13,31,42,13,2
"29.4.24","Asian Greens",12,30,42,14,2
"29.4.24","Asian Labour",14,32,41,12,2
"29.4.24","Asian Liberal Democrats",12,30,42,13,2
"29.4.24","Asian Other",13,31,41,13,2
"29.4.24","Asian SNP",12,30,42,14,2
"29.4.24","Black Brexit Party",14,33,40,12,2
"29.4.24","Black Conservatives",10,28,44,16,2
"29.4.24","Black Greens",9,27,45,17,2
"29.4.24","Black Labour",11,28,44,15,2
"29.4.24","Black Liberal Democrats",10,27,45,16,2
"29.4.24","Black Other",11,29,44,15,2
"29.4.24","Black SNP",10,27,45,17,2
"29.4.24","Mixed Brexit Party",32,39,24,4,1
"29.4.24","Mixed Conservatives",25,39,29,6,1
"29.4.24","Mixed Greens",23,38,31,7,1
"29.4.24","Mixed Labour",25,39,29,6,1
"29.4.24","Mixed Liberal Democrats",24,38,30,7,1
"29.4.24","Mixed Other",26,39,28,6,1
"29.4.24","Mixed SNP",22,38,32,7,1
"29.4.24","Other Brexit Party",46,36,15,2,0
"29.4.24","Other Conservatives",37,39,20,3,0
"29.4.24","Other Greens",35,39,21,4,0
"29.4.24","Other Labour",39,38,19,3,0
"29.4.24","Other Liberal Democrats",37,39,21,4,0
"29.4.24","Other Other",39,38,19,3,0
"29.4.24","Other SNP",36,39,21,4,0
"29.4.24","White Brexit Party",26,39,28,6,1
"29.4.24","White Conservatives",20,37,34,8,1
"29.4.24","White Greens",19,36,35,9,1
"29.4.24","White Labour",21,37,33,8,1
"29.4.24","White Liberal Democrats",20,37,34,8,1
"29.4.24","White Other",21,37,33,8,1
"29.4.24","White SNP",19,36,35,9,1
"13.5.24","National",18,35,37,9,1
"13.5.24","Female",22,38,32,7,1
"13.5.24","Male",14,33,41,11,2
"13.5.24","18-24",15,34,40,10,1
"13.5.24","25-49",16,34,39,10,1
"13.5.24","50-64",21,37,34,7,1
"13.5.24","65+",21,37,34,7,1
"13.5.24","Asian",13,31,43,12,2
"13.5.24","Black",8,23,48,19,3
"13.5.24","Mixed",13,31,43,12,2
"13.5.24","Other",21,37,34,7,1
"13.5.24","White",20,36,35,8,1
"13.5.24","Brexit Party",22,37,33,7,1
"13.5.24","Conservatives",17,34,38,9,1
"13.5.24","Greens",25,38,30,6,1
"13.5.24","Labour",20,36,35,8,1
"13.5.24","Liberal Democrats",20,36,35,8,1
"13.5.24","Other",13,31,42,12,2
"13.5.24","SNP",15,33,40,10,2
"13.5.24","Female 18-24",17,35,38,9,1
"13.5.24","Female 25-49",19,37,36,8,1
"13.5.24","Female 50-64",27,39,28,5,1
"13.5.24","Female 65+",25,39,29,5,1
"13.5.24","Male 18-24",14,32,41,11,2
"13.5.24","Male 25-49",12,31,43,12,2
"13.5.24","Male 50-64",16,34,39,9,1
"13.5.24","Male 65+",16,34,39,10,1
"13.5.24","Female Asian",16,34,39,9,1
"13.5.24","Female Black",9,27,46,15,2
"13.5.24","Female Mixed",16,34,39,9,1
"13.5.24","Female Other",26,39,29,5,1
"13.5.24","Female White",24,39,31,6,1
"13.5.24","Male Asian",10,28,46,14,2
"13.5.24","Male Black",6,20,49,21,4
"13.5.24","Male Mixed",10,28,46,14,2
"13.5.24","Male Other",18,36,37,8,1
"13.5.24","Male White",15,34,40,9,1
"13.5.24","Female Brexit Party",28,39,27,5,1
"13.5.24","Female Conservatives",21,37,34,7,1
"13.5.24","Female Greens",30,39,26,5,1
"13.5.24","Female Labour",24,38,31,6,1
"13.5.24","Female Liberal Democrats",24,38,31,6,1
"13.5.24","Female Other",18,35,37,9,1
"13.5.24","Female SNP",18,36,36,8,1
"13.5.24","Male Brexit Party",18,36,37,8,1
"13.5.24","Male Conservatives",13,31,42,12,2
"13.5.24","Male Greens",20,37,35,7,1
"13.5.24","Male Labour",16,34,39,9,1
"13.5.24","Male Liberal Democrats",15,34,40,10,1
"13.5.24","Male Other",11,28,45,14,2
"13.5.24","Male SNP",12,30,44,12,2
"13.5.24","18-24 Asian",12,30,44,12,2
"13.5.24","18-24 Black",7,21,49,20,3
"13.5.24","18-24 Mixed",11,29,45,13,2
"13.5.24","18-24 Other",19,37,36,8,1
"13.5.24","18-24 White",17,35,38,8,1
"13.5.24","25-49 Asian",12,30,44,13,2
"13.5.24","25-49 Black",7,21,48,21,4
"13.5.24","25-49 Mixed",11,28,45,14,2
"13.5.24","25-49 Other",18,36,36,8,1
"13.5.24","25-49 White",17,35,38,9,1
"13.5.24","50-64 Asian",16,34,39,10,1
"13.5.24","50-64 Black",9,26,46,16,3
"13.5.24","50-64 Mixed",15,33,41,11,2
"13.5.24","50-64 Other",24,38,31,6,1
"13.5.24","50-64 White",22,38,33,7,1
"13.5.24","65+ Asian",16,34,39,9,1
"13.5.24","65+ Black",8,24,48,18,3
"13.5.24","65+ Mixed",15,33,41,10,2
"13.5.24","65+ Other",22,38,33,7,1
"13.5.24","65+ White",23,38,32,6,1
"13.5.24","18-24 Brexit Party",16,34,39,9,1
"13.5.24","18-24 Conservatives",12,30,44,12,2
"13.5.24","18-24 Greens",20,37,34,7,1
"13.5.24","18-24 Labour",17,35,38,9,1
"13.5.24","18-24 Liberal Democrats",15,34,40,10,1
"13.5.24","18-24 Other",10,28,45,14,2
"13.5.24","18-24 SNP",12,30,43,12,2
"13.5.24","25-49 Brexit Party",17,35,38,9,1
"13.5.24","25-49 Conservatives",13,31,42,12,2
"13.5.24","25-49 Greens",21,37,33,7,1
"13.5.24","25-49 Labour",18,35,37,8,1
"13.5.24","25-49 Liberal Democrats",16,34,39,9,1
"13.5.24","25-49 Other",10,28,45,14,2
"13.5.24","25-49 SNP",13,31,42,12,2
"13.5.24","50-64 Brexit Party",23,38,32,6,1
"13.5.24","50-64 Conservatives",19,36,36,8,1
"13.5.24","50-64 Greens",29,39,26,5,1
"13.5.24","50-64 Labour",25,38,30,6,1
"13.5.24","50-64 Liberal Democrats",23,38,32,6,1
"13.5.24","50-64 Other",14,32,41,11,2
"13.5.24","50-64 SNP",20,36,35,8,1
"13.5.24","65+ Brexit Party",24,38,31,6,1
"13.5.24","65+ Conservatives",19,36,36,8,1
"13.5.24","65+ Greens",32,39,25,4,1
"13.5.24","65+ Labour",25,38,30,6,1
"13.5.24","65+ Liberal Democrats",23,38,32,6,1
"13.5.24","65+ Other",17,34,38,9,1
"13.5.24","65+ SNP",18,35,37,9,1
"13.5.24","Asian Brexit Party",15,33,40,10,1
"13.5.24","Asian Conservatives",11,29,44,13,2
"13.5.24","Asian Greens",18,36,37,8,1
"13.5.24","Asian Labour",14,33,41,10,2
"13.5.24","Asian Liberal Democrats",14,32,42,11,2
"13.5.24","Asian Other",9,25,47,16,3
"13.5.24","Asian SNP",11,28,45,14,2
"13.5.24","Black Brexit Party",9,26,47,16,3
"13.5.24","Black Conservatives",7,21,48,20,4
"13.5.24","Black Greens",11,29,45,14,2
"13.5.24","Black Labour",9,25,47,17,3
"13.5.24","Black Liberal Democrats",8,24,48,17,3
"13.5.24","Black Other",5,18,48,24,4
"13.5.24","Black SNP",6,20,48,22,4
"13.5.24","Mixed Brexit Party",16,34,40,10,1
"13.5.24","Mixed Conservatives",12,30,44,12,2
"13.5.24","Mixed Greens",18,36,37,8,1
"13.5.24","Mixed Labour",14,33,41,10,2
"13.5.24","Mixed Liberal Democrats",14,32,41,11,2
"13.5.24","Mixed Other",10,27,46,15,2
"13.5.24","Mixed SNP",10,28,46,14,2
"13.5.24","Other Brexit Party",25,39,30,6,1
"13.5.24","Other Conservatives",19,36,36,8,1
"13.5.24","Other Greens",28,39,27,5,1
"13.5.24","Other Labour",23,38,32,6,1
"13.5.24","Other Liberal Democrats",22,38,32,6,1
"13.5.24","Other Other",16,34,40,9,1
"13.5.24","Other SNP",17,35,38,8,1
"13.5.24","White Brexit Party",23,38,32,6,1
"13.5.24","White Conservatives",18,36,37,8,1
"13.5.24","White Greens",27,39,28,5,1
"13.5.24","White Labour",22,38,33,7,1
"13.5.24","White Liberal Democrats",21,37,34,7,1
"13.5.24","White Other",14,32,41,11,2
"13.5.24","White SNP",16,34,39,9,1
"27.5.24","National",20,40,32,8,1
"27.5.24","Female",23,42,28,6,0
"27.5.24","Male",16,38,36,10,1
"27.5.24","18-24",16,37,36,10,1
"27.5.24","25-49",19,39,33,9,1
"27.5.24","50-64",23,42,28,7,0
"27.5.24","65+",19,41,32,8,1
"27.5.24","Asian",12,33,40,14,1
"27.5.24","Black",10,32,42,15,1
"27.5.24","Mixed",16,38,35,9,1
"27.5.24","Other",26,43,26,5,0
"27.5.24","White",21,41,30,7,1
"27.5.24","Brexit Party",20,40,31,8,1
"27.5.24","Conservatives",19,40,32,8,1
"27.5.24","Greens",23,41,29,7,1
"27.5.24","Labour",20,40,31,8,1
"27.5.24","Liberal Democrats",20,40,32,8,1
"27.5.24","Other",23,41,29,7,1
"27.5.24","SNP",18,39,33,9,1
"27.5.24","Female 18-24",19,40,32,8,1
"27.5.24","Female 25-49",24,42,27,6,0
"27.5.24","Female 50-64",27,43,25,5,0
"27.5.24","Female 65+",21,41,30,7,1
"27.5.24","Male 18-24",13,35,39,12,1
"27.5.24","Male 25-49",13,36,39,12,1
"27.5.24","Male 50-64",19,40,32,8,1
"27.5.24","Male 65+",18,40,33,8,1
"27.5.24","Female Asian",15,37,37,10,1
"27.5.24","Female Black",13,35,39,12,1
"27.5.24","Female Mixed",19,41,32,8,1
"27.5.24","Female Other",31,43,22,4,0
"27.5.24","Female White",25,43,26,6,0
"27.5.24","Male Asian",9,29,44,17,1
"27.5.24","Male Black",9,29,44,17,1
"27.5.24","Male Mixed",14,36,38,11,1
"27.5.24","Male Other",23,42,28,6,0
"27.5.24","Male White",17,39,34,9,1
"27.5.24","Female Brexit Party",25,42,27,6,0
"27.5.24","Female Conservatives",22,42,29,7,0
"27.5.24","Female Greens",27,43,25,5,0
"27.5.24","Female Labour",24,42,27,6,0
"27.5.24","Female Liberal Democrats",24,42,27,6,0
"27.5.24","Female Other",27,43,25,5,0
"27.5.24","Female SNP",22,42,29,7,0
"27.5.24","Male Brexit Party",18,39,34,9,1
"27.5.24","Male Conservatives",16,38,36,10,1
"27.5.24","Male Greens",18,39,33,9,1
"27.5.24","Male Labour",16,38,36,10,1
"27.5.24","Male Liberal Democrats",16,38,35,10,1
"27.5.24","Male Other",20,40,31,8,1
"27.5.24","Male SNP",14,36,37,11,1
"27.5.24","18-24 Asian",10,30,43,16,1
"27.5.24","18-24 Black",9,29,44,17,1
"27.5.24","18-24 Mixed",13,36,38,11,1
"27.5.24","18-24 Other",23,42,28,6,0
"27.5.24","18-24 White",17,39,34,9,1
"27.5.24","25-49 Asian",12,33,41,14,1
"27.5.24","25-49 Black",10,31,42,15,1
"27.5.24","25-49 Mixed",16,38,35,10,1
"27.5.24","25-49 Other",26,42,26,6,0
"27.5.24","25-49 White",20,40,31,8,1
"27.5.24","50-64 Asian",14,36,38,11,1
"27.5.24","50-64 Black",13,35,39,12,1
"27.5.24","50-64 Mixed",19,41,32,8,1
"27.5.24","50-64 Other",31,43,22,4,0
"27.5.24","50-64 White",24,42,27,6,0
"27.5.24","65+ Asian",12,34,41,13,1
"27.5.24","65+ Black",10,32,43,15,1
"27.5.24","65+ Mixed",16,39,35,9,1
"27.5.24","65+ Other",26,43,25,5,0
"27.5.24","65+ White",20,42,30,7,1
"27.5.24","18-24 Brexit Party",13,35,39,12,1
"27.5.24","18-24 Conservatives",14,35,38,12,1
"27.5.24","18-24 Greens",18,39,33,9,1
"27.5.24","18-24 Labour",17,38,35,10,1
"27.5.24","18-24 Liberal Democrats",15,37,36,10,1
"27.5.24","18-24 Other",18,39,34,9,1
"27.5.24","18-24 SNP",14,36,38,11,1
"27.5.24","25-49 Brexit Party",17,38,34,9,1
"27.5.24","25-49 Conservatives",17,38,34,10,1
"27.5.24","25-49 Greens",22,40,30,7,1
"27.5.24","25-49 Labour",20,40,32,8,1
"27.5.24","25-49 Liberal Democrats",18,39,33,9,1
"27.5.24","25-49 Other",20,40,31,8,1
"27.5.24","25-49 SNP",18,38,34,9,1
"27.5.24","50-64 Brexit Party",23,42,29,7,0
"27.5.24","50-64 Conservatives",22,41,29,7,1
"27.5.24","50-64 Greens",27,42,25,5,0
"27.5.24","50-64 Labour",24,42,27,6,0
"27.5.24","50-64 Liberal Democrats",24,42,28,6,0
"27.5.24","50-64 Other",25,42,26,6,0
"27.5.24","50-64 SNP",23,42,29,7,0
"27.5.24","65+ Brexit Party",20,41,31,7,1
"27.5.24","65+ Conservatives",19,40,32,8,1
"27.5.24","65+ Greens",24,42,28,6,0
"27.5.24","65+ Labour",21,41,30,7,1
"27.5.24","65+ Liberal Democrats",20,41,31,7,1
"27.5.24","65+ Other",24,42,27,6,0
"27.5.24","65+ SNP",19,40,33,8,1
"27.5.24","Asian Brexit Party",12,33,41,14,1
"27.5.24","Asian Conservatives",11,33,41,14,1
"27.5.24","Asian Greens",14,36,38,12,1
"27.5.24","Asian Labour",12,34,40,13,1
"27.5.24","Asian Liberal Democrats",12,33,40,14,1
"27.5.24","Asian Other",13,35,39,12,1
"27.5.24","Asian SNP",11,32,42,15,1
"27.5.24","Black Brexit Party",11,32,42,14,1
"27.5.24","Black Conservatives",10,31,43,15,1
"27.5.24","Black Greens",13,34,39,13,1
"27.5.24","Black Labour",11,32,41,14,1
"27.5.24","Black Liberal Democrats",11,32,42,15,1
"27.5.24","Black Other",12,34,40,12,1
"27.5.24","Black SNP",10,30,43,16,1
"27.5.24","Mixed Brexit Party",17,39,35,9,1
"27.5.24","Mixed Conservatives",16,38,36,10,1
"27.5.24","Mixed Greens",19,40,32,8,1
"27.5.24","Mixed Labour",17,39,35,9,1
"27.5.24","Mixed Liberal Democrats",16,39,35,9,1
"27.5.24","Mixed Other",19,40,32,8,1
"27.5.24","Mixed SNP",15,37,37,10,1
"27.5.24","Other Brexit Party",27,43,25,5,0
"27.5.24","Other Conservatives",25,43,26,6,0
"27.5.24","Other Greens",30,42,23,5,0
"27.5.24","Other Labour",27,42,25,5,0
"27.5.24","Other Liberal Democrats",26,43,25,5,0
"27.5.24","Other Other",30,43,22,4,0
"27.5.24","Other SNP",24,42,27,6,0
"27.5.24","White Brexit Party",21,41,30,7,1
"27.5.24","White Conservatives",20,41,31,7,1
"27.5.24","White Greens",24,42,27,6,0
"27.5.24","White Labour",22,41,30,7,1
"27.5.24","White Liberal Democrats",21,41,30,7,1
"27.5.24","White Other",24,42,27,6,0
"27.5.24","White SNP",20,40,32,8,1
"10.6.24","National",19,36,34,9,1
"10.6.24","Female",23,38,31,7,1
"10.6.24","Male",15,34,38,12,1
"10.6.24","18-24",16,33,38,12,2
"10.6.24","25-49",17,35,36,10,1
"10.6.24","50-64",22,38,32,8,1
"10.6.24","65+",20,37,34,9,1
"10.6.24","Asian",15,34,38,11,1
"10.6.24","Black",9,25,44,19,3
"10.6.24","Mixed",14,32,40,13,2
"10.6.24","Other",24,39,30,7,1
"10.6.24","White",20,37,33,9,1
"10.6.24","Brexit Party",22,38,31,8,1
"10.6.24","Conservatives",17,35,37,11,1
"10.6.24","Greens",24,38,30,7,1
"10.6.24","Labour",21,37,32,8,1
"10.6.24","Liberal Democrats",18,36,35,10,1
"10.6.24","Other",19,37,34,9,1
"10.6.24","SNP",24,38,30,7,1
"10.6.24","Female 18-24",22,38,32,8,1
"10.6.24","Female 25-49",21,38,32,8,1
"10.6.24","Female 50-64",26,40,28,6,1
"10.6.24","Female 65+",23,39,31,7,1
"10.6.24","Male 18-24",10,27,44,17,2
"10.6.24","Male 25-49",14,33,40,12,2
"10.6.24","Male 50-64",18,36,36,9,1
"10.6.24","Male 65+",17,35,36,10,1
"10.6.24","Female Asian",19,37,34,9,1
"10.6.24","Female Black",11,29,43,15,2
"10.6.24","Female Mixed",17,36,37,10,1
"10.6.24","Female Other",29,40,25,5,1
"10.6.24","Female White",24,39,30,7,1
"10.6.24","Male Asian",12,30,42,14,2
"10.6.24","Male Black",7,22,46,22,3
"10.6.24","Male Mixed",11,29,43,15,2
"10.6.24","Male Other",21,38,32,8,1
"10.6.24","Male White",16,35,37,11,1
"10.6.24","Female Brexit Party",28,40,26,6,1
"10.6.24","Female Conservatives",20,38,33,8,1
"10.6.24","Female Greens",28,40,26,6,1
"10.6.24","Female Labour",25,39,29,6,1
"10.6.24","Female Liberal Democrats",22,38,31,7,1
"10.6.24","Female Other",24,39,29,7,1
"10.6.24","Female SNP",29,40,26,5,1
"10.6.24","Male Brexit Party",19,37,34,9,1
"10.6.24","Male Conservatives",14,32,40,13,2
"10.6.24","Male Greens",19,36,35,9,1
"10.6.24","Male Labour",16,35,37,11,1
"10.6.24","Male Liberal Democrats",15,33,39,12,1
"10.6.24","Male Other",17,35,37,10,1
"10.6.24","Male SNP",19,37,34,9,1
"10.6.24","18-24 Asian",13,30,40,14,2
"10.6.24","18-24 Black",7,22,44,23,3
"10.6.24","18-24 Mixed",11,28,42,16,2
"10.6.24","18-24 Other",21,36,33,9,1
"10.6.24","18-24 White",17,34,37,11,1
"10.6.24","25-49 Asian",15,33,39,12,1
"10.6.24","25-49 Black",8,24,45,20,3
"10.6.24","25-49 Mixed",13,31,41,13,2
"10.6.24","25-49 Other",23,38,31,7,1
"10.6.24","25-49 White",18,36,35,9,1
"10.6.24","50-64 Asian",18,36,35,9,1
"10.6.24","50-64 Black",10,28,43,16,2
"10.6.24","50-64 Mixed",16,35,37,11,1
"10.6.24","50-64 Other",28,40,26,6,1
"10.6.24","50-64 White",23,38,31,7,1
"10.6.24","65+ Asian",17,36,36,10,1
"10.6.24","65+ Black",9,26,45,18,3
"10.6.24","65+ Mixed",15,34,39,11,1
"10.6.24","65+ Other",24,39,29,6,1
"10.6.24","65+ White",21,38,32,8,1
"10.6.24","18-24 Brexit Party",11,29,43,15,2
"10.6.24","18-24 Conservatives",11,28,42,17,2
"10.6.24","18-24 Greens",18,35,35,10,1
"10.6.24","18-24 Labour",18,35,36,11,1
"10.6.24","18-24 Liberal Democrats",13,31,40,14,2
"10.6.24","18-24 Other",13,31,40,14,2
"10.6.24","18-24 SNP",18,35,36,10,1
"10.6.24","25-49 Brexit Party",19,37,35,9,1
"10.6.24","25-49 Conservatives",14,33,39,12,2
"10.6.24","25-49 Greens",21,38,32,8,1
"10.6.24","25-49 Labour",19,37,34,9,1
"10.6.24","25-49 Liberal Democrats",16,35,37,11,1
"10.6.24","25-49 Other",17,35,37,10,1
"10.6.24","25-49 SNP",22,38,31,7,1
"10.6.24","50-64 Brexit Party",25,39,29,7,1
"10.6.24","50-64 Conservatives",19,37,34,9,1
"10.6.24","50-64 Greens",28,40,26,6,1
"10.6.24","50-64 Labour",26,39,28,6,1
"10.6.24","50-64 Liberal Democrats",22,38,32,8,1
"10.6.24","50-64 Other",21,38,32,8,1
"10.6.24","50-64 SNP",30,40,25,5,1
"10.6.24","65+ Brexit Party",24,39,29,7,1
"10.6.24","65+ Conservatives",18,36,35,10,1
"10.6.24","65+ Greens",28,40,26,6,1
"10.6.24","65+ Labour",24,39,29,7,1
"10.6.24","65+ Liberal Democrats",20,37,33,8,1
"10.6.24","65+ Other",22,38,31,7,1
"10.6.24","65+ SNP",27,39,27,6,1
"10.6.24","Asian Brexit Party",17,36,36,10,1
"10.6.24","Asian Conservatives",13,32,40,13,2
"10.6.24","Asian Greens",19,37,34,9,1
"10.6.24","Asian Labour",17,35,36,10,1
"10.6.24","Asian Liberal Democrats",14,33,39,12,1
"10.6.24","Asian Other",15,34,38,11,1
"10.6.24","Asian SNP",19,37,34,9,1
"10.6.24","Black Brexit Party",10,28,43,16,2
"10.6.24","Black Conservatives",7,23,45,21,3
"10.6.24","Black Greens",11,29,42,15,2
"10.6.24","Black Labour",10,27,44,17,2
"10.6.24","Black Liberal Democrats",8,25,45,19,3
"10.6.24","Black Other",9,26,44,18,2
"10.6.24","Black SNP",11,30,42,15,2
"10.6.24","Mixed Brexit Party",17,35,37,10,1
"10.6.24","Mixed Conservatives",12,31,41,14,2
"10.6.24","Mixed Greens",18,36,36,10,1
"10.6.24","Mixed Labour",15,34,38,11,1
"10.6.24","Mixed Liberal Democrats",13,32,40,13,2
"10.6.24","Mixed Other",15,33,39,12,1
"10.6.24","Mixed SNP",18,36,36,10,1
"10.6.24","Other Brexit Party",28,40,26,5,1
"10.6.24","Other Conservatives",21,38,32,8,1
"10.6.24","Other Greens",30,40,25,5,1
"10.6.24","Other Labour",27,39,27,6,1
"10.6.24","Other Liberal Democrats",23,39,30,7,1
"10.6.24","Other Other",25,39,28,6,1
"10.6.24","Other SNP",30,40,25,5,1
"10.6.24","White Brexit Party",23,39,30,7,1
"10.6.24","White Conservatives",18,36,36,10,1
"10.6.24","White Greens",25,39,29,7,1
"10.6.24","White Labour",22,38,31,8,1
"10.6.24","White Liberal Democrats",19,37,34,9,1
"10.6.24","White Other",20,38,33,8,1
"10.6.24","White SNP",25,39,29,6,1
"24.6.24","National",20,39,32,8,1
"24.6.24","Female",26,41,26,6,1
"24.6.24","Male",15,36,37,11,2
"24.6.24","18-24",16,37,36,10,1
"24.6.24","25-49",18,38,34,9,1
"24.6.24","50-64",24,39,29,7,1
"24.6.24","65+",23,40,29,7,1
"24.6.24","Asian",13,33,39,13,2
"24.6.24","Black",8,26,44,19,3
"24.6.24","Mixed",17,37,35,10,1
"24.6.24","Other",25,41,27,6,1
"24.6.24","White",22,40,30,7,1
"24.6.24","Brexit Party",18,38,33,9,1
"24.6.24","Conservatives",19,38,33,9,1
"24.6.24","Greens",25,40,28,7,1
"24.6.24","Labour",22,39,30,8,1
"24.6.24","Liberal Democrats",20,38,32,9,1
"24.6.24","Other",19,38,33,9,1
"24.6.24","SNP",24,40,28,7,1
"24.6.24","Female 18-24",18,38,34,9,1
"24.6.24","Female 25-49",22,41,29,7,1
"24.6.24","Female 50-64",32,42,22,4,1
"24.6.24","Female 65+",29,42,24,5,1
"24.6.24","Male 18-24",14,35,38,12,2
"24.6.24","Male 25-49",13,35,38,12,2
"24.6.24","Male 50-64",15,37,36,10,1
"24.6.24","Male 65+",16,37,35,10,1
"24.6.24","Female Asian",16,37,35,10,1
"24.6.24","Female Black",11,32,41,14,2
"24.6.24","Female Mixed",21,41,30,7,1
"24.6.24","Female Other",33,42,21,4,1
"24.6.24","Female White",28,42,25,5,1
"24.6.24","Male Asian",9,29,43,16,2
"24.6.24","Male Black",6,23,45,22,4
"24.6.24","Male Mixed",12,34,40,13,2
"24.6.24","Male Other",21,41,30,7,1
"24.6.24","Male White",16,38,36,10,1
"24.6.24","Female Brexit Party",26,41,26,6,1
"24.6.24","Female Conservatives",25,41,27,6,1
"24.6.24","Female Greens",30,41,23,5,1
"24.6.24","Female Labour",26,41,26,6,1
"24.6.24","Female Liberal Democrats",26,41,27,6,1
"24.6.24","Female Other",26,41,26,6,1
"24.6.24","Female SNP",30,41,23,5,1
"24.6.24","Male Brexit Party",14,35,38,11,2
"24.6.24","Male Conservatives",13,35,38,12,2
"24.6.24","Male Greens",18,39,33,9,1
"24.6.24","Male Labour",16,37,35,10,1
"24.6.24","Male Liberal Democrats",15,36,37,11,2
"24.6.24","Male Other",14,36,37,11,2
"24.6.24","Male SNP",19,39,33,9,1
"24.6.24","18-24 Asian",10,31,42,15,2
"24.6.24","18-24 Black",7,24,45,21,3
"24.6.24","18-24 Mixed",13,34,39,12,2
"24.6.24","18-24 Other",22,41,29,7,1
"24.6.24","18-24 White",17,39,34,9,1
"24.6.24","25-49 Asian",12,32,40,14,2
"24.6.24","25-49 Black",8,25,44,20,3
"24.6.24","25-49 Mixed",15,36,37,11,2
"24.6.24","25-49 Other",24,41,28,6,1
"24.6.24","25-49 White",19,39,32,8,1
"24.6.24","50-64 Asian",16,36,36,11,2
"24.6.24","50-64 Black",10,30,41,16,2
"24.6.24","50-64 Mixed",19,38,33,9,1
"24.6.24","50-64 Other",30,41,24,5,1
"24.6.24","50-64 White",25,40,28,7,1
"24.6.24","65+ Asian",15,36,36,11,1
"24.6.24","65+ Black",8,27,44,18,3
"24.6.24","65+ Mixed",18,39,33,9,1
"24.6.24","65+ Other",26,41,26,6,1
"24.6.24","65+ White",24,41,28,6,1
"24.6.24","18-24 Brexit Party",12,33,40,13,2
"24.6.24","18-24 Conservatives",12,33,39,13,2
"24.6.24","18-24 Greens",18,39,33,9,1
"24.6.24","18-24 Labour",17,38,35,10,1
"24.6.24","18-24 Liberal Democrats",14,36,37,11,2
"24.6.24","18-24 Other",14,35,38,12,2
"24.6.24","18-24 SNP",19,39,33,9,1
"24.6.24","25-49 Brexit Party",15,35,37,11,2
"24.6.24","25-49 Conservatives",15,36,37,11,2
"24.6.24","25-49 Greens",22,40,30,7,1
"24.6.24","25-49 Labour",20,39,32,8,1
"24.6.24","25-49 Liberal Democrats",17,37,35,10,1
"24.6.24","25-49 Other",15,36,36,11,1
"24.6.24","25-49 SNP",22,40,30,7,1
"24.6.24","50-64 Brexit Party",20,38,32,9,1
"24.6.24","50-64 Conservatives",21,39,31,8,1
"24.6.24","50-64 Greens",29,40,24,5,1
"24.6.24","50-64 Labour",27,40,26,6,1
"24.6.24","50-64 Liberal Democrats",24,40,28,7,1
"24.6.24","50-64 Other",19,38,33,9,1
"24.6.24","50-64 SNP",31,40,23,5,1
"24.6.24","65+ Brexit Party",21,39,31,8,1
"24.6.24","65+ Conservatives",21,39,31,8,1
"24.6.24","65+ Greens",32,41,22,5,1
"24.6.24","65+ Labour",27,41,26,6,1
"24.6.24","65+ Liberal Democrats",23,40,29,7,1
"24.6.24","65+ Other",23,40,29,7,1
"24.6.24","65+ SNP",28,41,25,6,1
"24.6.24","Asian Brexit Party",11,31,41,15,2
"24.6.24","Asian Conservatives",11,32,41,14,2
"24.6.24","Asian Greens",15,36,36,11,1
"24.6.24","Asian Labour",14,35,38,12,2
"24.6.24","Asian Liberal Democrats",12,33,40,13,2
"24.6.24","Asian Other",11,31,41,14,2
"24.6.24","Asian SNP",16,36,36,10,1
"24.6.24","Black Brexit Party",7,25,44,21,3
"24.6.24","Black Conservatives",7,25,44,20,3
"24.6.24","Black Greens",11,30,42,15,2
"24.6.24","Black Labour",9,28,43,17,3
"24.6.24","Black Liberal Democrats",8,26,44,19,3
"24.6.24","Black Other",8,25,44,20,3
"24.6.24","Black SNP",10,30,42,15,2
"24.6.24","Mixed Brexit Party",15,36,37,11,1
"24.6.24","Mixed Conservatives",16,36,36,10,1
"24.6.24","Mixed Greens",21,39,31,8,1
"24.6.24","Mixed Labour",18,38,34,9,1
"24.6.24","Mixed Liberal Democrats",16,37,35,10,1
"24.6.24","Mixed Other",16,37,36,10,1
"24.6.24","Mixed SNP",20,39,32,8,1
"24.6.24","Other Brexit Party",23,41,29,7,1
"24.6.24","Other Conservatives",23,41,28,7,1
"24.6.24","Other Greens",31,41,23,5,1
"24.6.24","Other Labour",28,42,25,5,1
"24.6.24","Other Liberal Democrats",25,41,27,6,1
"24.6.24","Other Other",24,41,28,6,1
"24.6.24","Other SNP",30,42,23,5,1
"24.6.24","White Brexit Party",20,39,32,8,1
"24.6.24","White Conservatives",20,39,31,8,1
"24.6.24","White Greens",26,41,26,6,1
"24.6.24","White Labour",23,41,29,7,1
"24.6.24","White Liberal Democrats",21,40,30,8,1
"24.6.24","White Other",20,39,32,8,1
"24.6.24","White SNP",26,41,26,6,1
"30.7.24","National",14,35,38,11,2
"30.7.24","Female",17,38,35,9,1
"30.7.24","Male",11,32,41,13,2
"30.7.24","18-24",16,37,36,9,2
"30.7.24","25-34",10,30,43,14,3
"30.7.24","35-54",13,34,39,12,2
"30.7.24","55+",17,37,35,9,1
"30.7.24","Asian",10,30,43,14,2
"30.7.24","Black",3,13,43,33,8
"30.7.24","Mixed",15,36,38,10,2
"30.7.24","Other",12,33,41,12,2
"30.7.24","White",15,36,37,10,2
"30.7.24","Conservatives",13,33,40,12,2
"30.7.24","Greens",18,38,35,9,1
"30.7.24","Labour",13,34,39,12,2
"30.7.24","Liberal Democrats",12,32,40,13,2
"30.7.24","Other",21,40,31,7,1
"30.7.24","Reform UK",16,37,36,10,2
"30.7.24","SNP/Plaid",23,41,29,6,1
"30.7.24","Female 18-24",20,40,32,7,1
"30.7.24","Female 25-34",12,33,40,12,2
"30.7.24","Female 35-54",16,38,36,9,1
"30.7.24","Female 55+",20,40,32,7,1
"30.7.24","Male 18-24",13,34,40,11,2
"30.7.24","Male 25-34",8,27,45,17,3
"30.7.24","Male 35-54",10,30,43,14,3
"30.7.24","Male 55+",14,35,39,11,2
"30.7.24","Female Asian",12,33,41,12,2
"30.7.24","Female Black",4,16,46,28,6
"30.7.24","Female Mixed",18,39,34,8,1
"30.7.24","Female Other",14,36,39,10,2
"30.7.24","Female White",18,39,34,8,1
"30.7.24","Male Asian",8,26,46,17,3
"30.7.24","Male Black",2,10,40,37,10
"30.7.24","Male Mixed",12,33,41,12,2
"30.7.24","Male Other",10,30,43,14,2
"30.7.24","Male White",12,33,41,12,2
"30.7.24","Female Conservatives",15,37,37,10,2
"30.7.24","Female Greens",21,40,30,7,1
"30.7.24","Female Labour",16,37,36,9,2
"30.7.24","Female Liberal Democrats",15,36,38,10,2
"30.7.24","Female Other",25,42,27,5,1
"30.7.24","Female Reform UK",20,39,32,8,1
"30.7.24","Female SNP/Plaid",29,42,24,4,1
"30.7.24","Male Conservatives",10,30,43,15,3
"30.7.24","Male Greens",14,35,38,11,2
"30.7.24","Male Labour",10,30,43,14,3
"30.7.24","Male Liberal Democrats",9,29,44,16,3
"30.7.24","Male Other",16,38,36,8,1
"30.7.24","Male Reform UK",13,35,39,11,2
"30.7.24","Male SNP/Plaid",19,40,33,7,1
"30.7.24","18-24 Asian",12,33,41,12,2
"30.7.24","18-24 Black",4,15,44,30,7
"30.7.24","18-24 Mixed",17,38,35,8,1
"30.7.24","18-24 Other",13,35,40,11,2
"30.7.24","18-24 White",18,38,35,8,1
"30.7.24","25-34 Asian",7,24,47,19,4
"30.7.24","25-34 Black",2,10,39,38,11
"30.7.24","25-34 Mixed",10,31,43,13,2
"30.7.24","25-34 Other",8,27,46,16,3
"30.7.24","25-34 White",11,32,42,13,2
"30.7.24","35-54 Asian",9,29,44,15,3
"30.7.24","35-54 Black",3,12,42,34,9
"30.7.24","35-54 Mixed",14,35,39,10,2
"30.7.24","35-54 Other",10,30,43,14,2
"30.7.24","35-54 White",14,36,38,10,2
"30.7.24","55+ Asian",12,33,42,12,2
"30.7.24","55+ Black",4,16,45,29,6
"30.7.24","55+ Mixed",17,39,35,8,1
"30.7.24","55+ Other",14,36,39,10,2
"30.7.24","55+ White",18,39,34,8,1
"30.7.24","18-24 Conservatives",14,35,39,10,2
"30.7.24","18-24 Greens",19,39,33,8,1
"30.7.24","18-24 Labour",15,36,37,10,2
"30.7.24","18-24 Liberal Democrats",13,34,39,12,2
"30.7.24","18-24 Other",23,41,30,6,1
"30.7.24","18-24 Reform UK",18,39,34,8,1
"30.7.24","18-24 SNP/Plaid",22,41,30,6,1
"30.7.24","25-34 Conservatives",8,26,45,18,3
"30.7.24","25-34 Greens",13,34,39,12,2
"30.7.24","25-34 Labour",9,29,44,15,3
"30.7.24","25-34 Liberal Democrats",8,27,44,17,3
"30.7.24","25-34 Other",16,38,37,9,1
"30.7.24","25-34 Reform UK",11,32,41,13,2
"30.7.24","25-34 SNP/Plaid",16,38,36,8,1
"30.7.24","35-54 Conservatives",11,31,42,14,2
"30.7.24","35-54 Greens",18,39,34,8,1
"30.7.24","35-54 Labour",13,34,40,12,2
"30.7.24","35-54 Liberal Democrats",11,31,42,14,3
"30.7.24","35-54 Other",20,40,32,7,1
"30.7.24","35-54 Reform UK",15,36,37,10,2
"30.7.24","35-54 SNP/Plaid",22,41,30,6,1
"30.7.24","55+ Conservatives",14,36,38,10,2
"30.7.24","55+ Greens",24,42,28,5,1
"30.7.24","55+ Labour",17,38,35,9,1
"30.7.24","55+ Liberal Democrats",15,36,37,10,2
"30.7.24","55+ Other",26,42,26,5,1
"30.7.24","55+ Reform UK",19,39,32,8,1
"30.7.24","55+ SNP/Plaid",29,42,24,4,1
"30.7.24","Asian Conservatives",9,29,44,15,3
"30.7.24","Asian Greens",12,34,41,12,2
"30.7.24","Asian Labour",9,29,44,15,3
"30.7.24","Asian Liberal Democrats",9,28,45,16,3
"30.7.24","Asian Other",16,37,37,9,1
"30.7.24","Asian Reform UK",12,33,41,12,2
"30.7.24","Asian SNP/Plaid",13,35,40,10,2
"30.7.24","Black Conservatives",3,12,42,35,9
"30.7.24","Black Greens",4,16,45,29,7
"30.7.24","Black Labour",3,13,42,34,9
"30.7.24","Black Liberal Democrats",3,12,41,35,9
"30.7.24","Black Other",NA,NA,NA,NA,NA
"30.7.24","Black Reform UK",4,15,45,29,7
"30.7.24","Black SNP/Plaid",NA,NA,NA,NA,NA
"30.7.24","Mixed Conservatives",13,35,39,11,2
"30.7.24","Mixed Greens",21,41,31,7,1
"30.7.24","Mixed Labour",14,35,39,10,2
"30.7.24","Mixed Liberal Democrats",14,36,39,10,2
"30.7.24","Mixed Other",NA,NA,NA,NA,NA
"30.7.24","Mixed Reform UK",15,37,37,9,1
"30.7.24","Mixed SNP/Plaid",NA,NA,NA,NA,NA
"30.7.24","Other Conservatives",11,32,42,13,2
"30.7.24","Other Greens",13,35,40,10,2
"30.7.24","Other Labour",11,32,42,13,2
"30.7.24","Other Liberal Democrats",NA,NA,NA,NA,NA
"30.7.24","Other Other",NA,NA,NA,NA,NA
"30.7.24","Other Reform UK",15,37,38,9,1
"30.7.24","Other SNP/Plaid",NA,NA,NA,NA,NA
"30.7.24","White Conservatives",13,35,39,11,2
"30.7.24","White Greens",19,39,33,8,1
"30.7.24","White Labour",14,35,39,10,2
"30.7.24","White Liberal Democrats",13,34,40,11,2
"30.7.24","White Other",21,40,31,7,1
"30.7.24","White Reform UK",17,38,35,8,1
"30.7.24","White SNP/Plaid",23,41,29,6,1
"27.8.24","National",14,35,39,11,1
"27.8.24","Female",17,38,35,9,1
"27.8.24","Male",11,32,42,13,2
"27.8.24","18-24",15,36,37,10,1
"27.8.24","25-34",12,33,40,13,1
"27.8.24","35-54",13,34,40,12,1
"27.8.24","55+",16,37,37,10,1
"27.8.24","Asian",10,30,43,15,2
"27.8.24","Black",5,21,46,24,3
"27.8.24","Mixed",8,27,45,18,2
"27.8.24","Other",8,27,45,17,2
"27.8.24","White",15,37,37,10,1
"27.8.24","Conservatives",11,32,42,13,2
"27.8.24","Greens",17,38,35,9,1
"27.8.24","Labour",12,34,40,12,1
"27.8.24","Liberal Democrats",18,38,35,9,1
"27.8.24","Other",15,37,37,10,1
"27.8.24","Reform UK",15,36,38,10,1
"27.8.24","SNP/Plaid",21,41,31,7,1
"27.8.24","Female 18-24",19,40,32,7,1
"27.8.24","Female 25-34",16,38,36,9,1
"27.8.24","Female 35-54",14,36,38,10,1
"27.8.24","Female 55+",17,39,35,8,1
"27.8.24","Male 18-24",11,32,42,13,1
"27.8.24","Male 25-34",9,29,44,16,2
"27.8.24","Male 35-54",11,32,42,14,2
"27.8.24","Male 55+",14,35,39,11,1
"27.8.24","Female Asian",12,34,41,12,1
"27.8.24","Female Black",7,24,47,20,2
"27.8.24","Female Mixed",10,30,44,15,2
"27.8.24","Female Other",9,30,44,15,2
"27.8.24","Female White",18,40,34,8,1
"27.8.24","Male Asian",8,27,46,18,2
"27.8.24","Male Black",4,17,46,28,4
"27.8.24","Male Mixed",6,23,47,21,3
"27.8.24","Male Other",7,25,46,19,2
"27.8.24","Male White",12,34,41,12,1
"27.8.24","Female Conservatives",13,35,40,11,1
"27.8.24","Female Greens",22,41,30,6,1
"27.8.24","Female Labour",15,37,37,10,1
"27.8.24","Female Liberal Democrats",21,41,31,7,1
"27.8.24","Female Other",19,40,33,7,1
"27.8.24","Female Reform UK",18,39,34,8,1
"27.8.24","Female SNP/Plaid",26,43,25,5,0
"27.8.24","Male Conservatives",9,29,44,16,2
"27.8.24","Male Greens",13,35,39,11,1
"27.8.24","Male Labour",10,30,44,15,2
"27.8.24","Male Liberal Democrats",14,36,39,11,1
"27.8.24","Male Other",12,34,41,12,1
"27.8.24","Male Reform UK",12,34,40,12,1
"27.8.24","Male SNP/Plaid",17,39,35,8,1
"27.8.24","18-24 Asian",11,32,42,13,2
"27.8.24","18-24 Black",6,22,46,22,3
"27.8.24","18-24 Mixed",10,30,43,15,2
"27.8.24","18-24 Other",9,28,45,16,2
"27.8.24","18-24 White",16,38,36,9,1
"27.8.24","25-34 Asian",8,28,45,17,2
"27.8.24","25-34 Black",5,19,46,26,4
"27.8.24","25-34 Mixed",6,23,47,21,3
"27.8.24","25-34 Other",7,25,46,19,2
"27.8.24","25-34 White",13,35,39,11,1
"27.8.24","35-54 Asian",9,29,44,15,2
"27.8.24","35-54 Black",5,19,47,26,3
"27.8.24","35-54 Mixed",7,25,47,20,2
"27.8.24","35-54 Other",7,25,47,19,2
"27.8.24","35-54 White",14,36,39,11,1
"27.8.24","55+ Asian",11,32,42,13,1
"27.8.24","55+ Black",6,23,47,21,3
"27.8.24","55+ Mixed",8,28,45,16,2
"27.8.24","55+ Other",9,30,44,15,2
"27.8.24","55+ White",17,39,35,9,1
"27.8.24","18-24 Conservatives",12,33,41,12,1
"27.8.24","18-24 Greens",17,38,35,9,1
"27.8.24","18-24 Labour",13,34,39,12,1
"27.8.24","18-24 Liberal Democrats",18,38,35,9,1
"27.8.24","18-24 Other",16,37,37,10,1
"27.8.24","18-24 Reform UK",16,37,37,10,1
"27.8.24","18-24 SNP/Plaid",19,39,33,8,1
"27.8.24","25-34 Conservatives",9,29,44,16,2
"27.8.24","25-34 Greens",16,37,36,10,1
"27.8.24","25-34 Labour",11,32,42,14,2
"27.8.24","25-34 Liberal Democrats",16,37,36,10,1
"27.8.24","25-34 Other",14,36,39,11,1
"27.8.24","25-34 Reform UK",13,34,40,12,1
"27.8.24","25-34 SNP/Plaid",18,40,33,8,1
"27.8.24","35-54 Conservatives",9,30,44,15,2
"27.8.24","35-54 Greens",18,39,34,8,1
"27.8.24","35-54 Labour",11,33,42,13,1
"27.8.24","35-54 Liberal Democrats",16,38,36,9,1
"27.8.24","35-54 Other",14,37,38,10,1
"27.8.24","35-54 Reform UK",14,35,39,11,1
"27.8.24","35-54 SNP/Plaid",20,41,31,7,1
"27.8.24","55+ Conservatives",12,34,40,12,1
"27.8.24","55+ Greens",23,42,29,6,1
"27.8.24","55+ Labour",15,37,38,10,1
"27.8.24","55+ Liberal Democrats",21,41,31,7,1
"27.8.24","55+ Other",18,40,33,7,1
"27.8.24","55+ Reform UK",17,39,35,8,1
"27.8.24","55+ SNP/Plaid",26,43,26,5,0
"27.8.24","Asian Conservatives",8,27,45,17,2
"27.8.24","Asian Greens",12,34,40,12,1
"27.8.24","Asian Labour",9,29,45,16,2
"27.8.24","Asian Liberal Democrats",13,35,40,11,1
"27.8.24","Asian Other",11,31,42,14,2
"27.8.24","Asian Reform UK",11,32,42,13,2
"27.8.24","Asian SNP/Plaid",11,33,43,13,1
"27.8.24","Black Conservatives",4,17,46,29,4
"27.8.24","Black Greens",7,24,46,20,3
"27.8.24","Black Labour",5,19,47,26,4
"27.8.24","Black Liberal Democrats",7,25,46,19,2
"27.8.24","Black Other",NA,NA,NA,NA,NA
"27.8.24","Black Reform UK",6,22,47,22,3
"27.8.24","Black SNP/Plaid",NA,NA,NA,NA,NA
"27.8.24","Mixed Conservatives",6,24,47,20,3
"27.8.24","Mixed Greens",11,32,42,13,1
"27.8.24","Mixed Labour",7,26,46,19,2
"27.8.24","Mixed Liberal Democrats",11,32,42,14,2
"27.8.24","Mixed Other",NA,NA,NA,NA,NA
"27.8.24","Mixed Reform UK",8,27,46,17,2
"27.8.24","Mixed SNP/Plaid",NA,NA,NA,NA,NA
"27.8.24","Other Conservatives",7,26,46,19,2
"27.8.24","Other Greens",9,29,45,15,2
"27.8.24","Other Labour",8,28,45,17,2
"27.8.24","Other Liberal Democrats",NA,NA,NA,NA,NA
"27.8.24","Other Other",NA,NA,NA,NA,NA
"27.8.24","Other Reform UK",10,32,43,13,1
"27.8.24","Other SNP/Plaid",NA,NA,NA,NA,NA
"27.8.24","White Conservatives",12,34,41,12,1
"27.8.24","White Greens",19,40,33,8,1
"27.8.24","White Labour",13,35,39,11,1
"27.8.24","White Liberal Democrats",19,40,33,7,1
"27.8.24","White Other",16,37,37,9,1
"27.8.24","White Reform UK",16,38,36,9,1
"27.8.24","White SNP/Plaid",21,41,31,7,1
"30.9.24","National",15,34,38,11,2
"30.9.24","Female",17,37,35,9,2
"30.9.24","Male",12,32,40,13,3
"30.9.24","18-24",14,35,38,11,2
"30.9.24","25-34",12,31,40,14,3
"30.9.24","35-54",13,33,39,12,2
"30.9.24","55+",19,38,33,9,2
"30.9.24","Asian",11,31,41,14,3
"30.9.24","Black",8,25,44,19,4
"30.9.24","Mixed",12,32,40,13,3
"30.9.24","Other",12,31,41,14,3
"30.9.24","White",15,35,37,11,2
"30.9.24","Conservatives",14,34,38,12,2
"30.9.24","Greens",19,38,33,8,2
"30.9.24","Labour",13,33,39,12,2
"30.9.24","Liberal Democrats",16,36,36,10,2
"30.9.24","Other",12,32,40,13,2
"30.9.24","Reform UK",15,34,38,11,2
"30.9.24","SNP/Plaid",22,40,30,7,1
"30.9.24","Female 18-24",16,37,36,10,2
"30.9.24","Female 25-34",15,35,37,11,2
"30.9.24","Female 35-54",16,36,36,10,2
"30.9.24","Female 55+",23,40,29,7,1
"30.9.24","Male 18-24",12,33,40,13,2
"30.9.24","Male 25-34",9,28,43,16,3
"30.9.24","Male 35-54",11,30,42,14,3
"30.9.24","Male 55+",15,36,37,10,2
"30.9.24","Female Asian",14,34,39,11,2
"30.9.24","Female Black",10,29,43,16,3
"30.9.24","Female Mixed",14,35,38,11,2
"30.9.24","Female Other",14,34,39,11,2
"30.9.24","Female White",18,38,34,9,2
"30.9.24","Male Asian",9,28,43,16,3
"30.9.24","Male Black",6,22,45,22,5
"30.9.24","Male Mixed",10,29,43,15,3
"30.9.24","Male Other",10,29,42,15,3
"30.9.24","Male White",13,33,40,13,2
"30.9.24","Female Conservatives",17,37,35,10,2
"30.9.24","Female Greens",22,40,30,7,1
"30.9.24","Female Labour",16,36,37,10,2
"30.9.24","Female Liberal Democrats",19,38,33,8,1
"30.9.24","Female Other",15,35,38,10,2
"30.9.24","Female Reform UK",18,37,34,9,2
"30.9.24","Female SNP/Plaid",28,41,25,5,1
"30.9.24","Male Conservatives",11,30,42,15,3
"30.9.24","Male Greens",16,36,36,10,2
"30.9.24","Male Labour",10,30,42,15,3
"30.9.24","Male Liberal Democrats",13,33,39,12,2
"30.9.24","Male Other",10,29,43,15,3
"30.9.24","Male Reform UK",12,32,40,13,3
"30.9.24","Male SNP/Plaid",18,38,33,8,1
"30.9.24","18-24 Asian",11,31,41,14,3
"30.9.24","18-24 Black",8,25,44,19,4
"30.9.24","18-24 Mixed",13,34,39,12,2
"30.9.24","18-24 Other",11,31,41,13,3
"30.9.24","18-24 White",15,36,37,10,2
"30.9.24","25-34 Asian",9,27,43,17,3
"30.9.24","25-34 Black",7,22,44,22,5
"30.9.24","25-34 Mixed",9,27,44,17,3
"30.9.24","25-34 Other",9,28,43,17,3
"30.9.24","25-34 White",13,33,40,13,2
"30.9.24","35-54 Asian",11,30,42,15,3
"30.9.24","35-54 Black",7,23,45,20,4
"30.9.24","35-54 Mixed",11,30,42,14,3
"30.9.24","35-54 Other",10,29,43,15,3
"30.9.24","35-54 White",14,34,38,11,2
"30.9.24","55+ Asian",15,35,37,11,2
"30.9.24","55+ Black",10,30,42,15,3
"30.9.24","55+ Mixed",15,35,37,10,2
"30.9.24","55+ Other",14,35,38,11,2
"30.9.24","55+ White",20,39,32,8,1
"30.9.24","18-24 Conservatives",11,32,41,13,3
"30.9.24","18-24 Greens",18,38,33,8,2
"30.9.24","18-24 Labour",13,33,40,12,2
"30.9.24","18-24 Liberal Democrats",15,35,37,11,2
"30.9.24","18-24 Other",12,32,41,13,3
"30.9.24","18-24 Reform UK",13,34,39,11,2
"30.9.24","18-24 SNP/Plaid",19,39,32,8,1
"30.9.24","25-34 Conservatives",9,28,43,16,3
"30.9.24","25-34 Greens",17,37,35,10,2
"30.9.24","25-34 Labour",11,30,42,14,3
"30.9.24","25-34 Liberal Democrats",13,33,39,12,2
"30.9.24","25-34 Other",11,30,42,14,3
"30.9.24","25-34 Reform UK",11,31,41,14,3
"30.9.24","25-34 SNP/Plaid",18,38,34,9,2
"30.9.24","35-54 Conservatives",11,30,42,14,3
"30.9.24","35-54 Greens",20,39,32,8,1
"30.9.24","35-54 Labour",12,33,40,12,2
"30.9.24","35-54 Liberal Democrats",15,35,37,11,2
"30.9.24","35-54 Other",12,33,40,13,2
"30.9.24","35-54 Reform UK",13,34,39,12,2
"30.9.24","35-54 SNP/Plaid",21,40,30,7,1
"30.9.24","55+ Conservatives",17,37,36,10,2
"30.9.24","55+ Greens",28,41,25,5,1
"30.9.24","55+ Labour",18,38,34,8,2
"30.9.24","55+ Liberal Democrats",22,40,30,7,1
"30.9.24","55+ Other",18,38,34,9,2
"30.9.24","55+ Reform UK",19,38,33,8,2
"30.9.24","55+ SNP/Plaid",31,41,23,4,1
"30.9.24","Asian Conservatives",11,31,41,14,3
"30.9.24","Asian Greens",15,35,38,11,2
"30.9.24","Asian Labour",10,30,42,15,3
"30.9.24","Asian Liberal Democrats",13,33,39,12,2
"30.9.24","Asian Other",9,28,44,16,3
"30.9.24","Asian Reform UK",12,31,41,14,3
"30.9.24","Asian SNP/Plaid",14,35,39,11,2
"30.9.24","Black Conservatives",7,24,44,20,5
"30.9.24","Black Greens",10,29,43,15,3
"30.9.24","Black Labour",7,23,45,21,5
"30.9.24","Black Liberal Democrats",9,27,43,17,4
"30.9.24","Black Other",NA,NA,NA,NA,NA
"30.9.24","Black Reform UK",8,26,44,18,4
"30.9.24","Black SNP/Plaid",NA,NA,NA,NA,NA
"30.9.24","Mixed Conservatives",12,31,41,14,3
"30.9.24","Mixed Greens",16,37,36,9,2
"30.9.24","Mixed Labour",11,31,41,14,3
"30.9.24","Mixed Liberal Democrats",13,33,40,12,2
"30.9.24","Mixed Other",NA,NA,NA,NA,NA
"30.9.24","Mixed Reform UK",11,31,41,14,3
"30.9.24","Mixed SNP/Plaid",NA,NA,NA,NA,NA
"30.9.24","Other Conservatives",11,31,41,14,3
"30.9.24","Other Greens",13,34,39,11,2
"30.9.24","Other Labour",11,31,41,14,3
"30.9.24","Other Liberal Democrats",NA,NA,NA,NA,NA
"30.9.24","Other Other",NA,NA,NA,NA,NA
"30.9.24","Other Reform UK",13,34,39,11,2
"30.9.24","Other SNP/Plaid",NA,NA,NA,NA,NA
"30.9.24","White Conservatives",14,34,38,11,2
"30.9.24","White Greens",20,39,32,8,1
"30.9.24","White Labour",14,34,39,12,2
"30.9.24","White Liberal Democrats",17,37,35,9,2
"30.9.24","White Other",13,33,40,12,2
"30.9.24","White Reform UK",15,35,37,10,2
"30.9.24","White SNP/Plaid",23,40,30,7,1
