"Date","Demographic.Level","Very.negative","Slightly.negative","Neutral","Slightly.positive","Very.positive"
"18.3.24","National",38,43,15,3,1
"18.3.24","Female",35,45,16,2,1
"18.3.24","Male",41,41,14,4,0
"18.3.24","18-24",31,49,17,1,2
"18.3.24","25-49",34,42,20,4,0
"18.3.24","50-64",42,45,12,1,0
"18.3.24","65+",44,41,11,3,1
"18.3.24","Asian",37,37,20,5,1
"18.3.24","Black",13,46,38,4,0
"18.3.24","Mixed",24,44,13,18,0
"18.3.24","Other Ethnicity",78,13,8,1,0
"18.3.24","White",39,45,13,2,1
"18.3.24","Brexit Party",36,57,7,0,0
"18.3.24","Conservatives",33,45,17,5,0
"18.3.24","Greens",58,28,14,0,0
"18.3.24","Labour",43,40,14,2,1
"18.3.24","Liberal Democrats",44,42,11,2,1
"18.3.24","Other Party",45,26,30,0,0
"18.3.24","SNP",36,56,9,0,0
"18.3.24","Female 18-24",26,55,16,0,3
"18.3.24","Female 25-49",29,44,23,4,0
"18.3.24","Female 50-64",40,46,13,1,0
"18.3.24","Female 65+",44,43,10,1,1
"18.3.24","Male 18-24",36,44,17,2,2
"18.3.24","Male 25-49",39,40,17,5,0
"18.3.24","Male 50-64",44,45,10,1,0
"18.3.24","Male 65+",45,39,11,5,0
"18.3.24","Female Asian",42,34,15,6,2
"18.3.24","Female Black",12,49,35,4,0
"18.3.24","Female Mixed",34,54,13,0,0
"18.3.24","Female Other",70,15,16,0,0
"18.3.24","Female White",35,47,16,2,1
"18.3.24","Male Asian",31,41,25,3,0
"18.3.24","Male Black",13,44,40,3,0
"18.3.24","Male Mixed",15,34,14,37,0
"18.3.24","Male Other",82,12,4,2,0
"18.3.24","Male White",44,43,11,2,0
"18.3.24","Female Brexit Party",18,61,21,0,0
"18.3.24","Female Conservatives",31,47,18,3,0
"18.3.24","Female Greens",57,27,16,0,0
"18.3.24","Female Labour",37,44,16,2,1
"18.3.24","Female Liberal Democrats",42,42,12,1,2
"18.3.24","Female Other",44,29,26,0,0
"18.3.24","Female SNP",31,54,15,0,0
"18.3.24","Male Brexit Party",45,55,0,0,0
"18.3.24","Male Conservatives",34,44,16,6,0
"18.3.24","Male Greens",60,29,11,0,0
"18.3.24","Male Labour",50,35,13,2,1
"18.3.24","Male Liberal Democrats",45,43,9,3,0
"18.3.24","Male Other",45,24,31,0,0
"18.3.24","Male SNP",39,57,4,0,0
"18.3.24","18-24 Asian",30,32,30,1,7
"18.3.24","18-24 Black",28,52,19,1,0
"18.3.24","18-24 Mixed",32,52,0,16,0
"18.3.24","18-24 Other",85,15,0,0,0
"18.3.24","18-24 White",29,53,16,0,2
"18.3.24","25-49 Asian",35,35,21,9,0
"18.3.24","25-49 Black",23,29,37,11,0
"18.3.24","25-49 Mixed",19,37,40,4,0
"18.3.24","25-49 Other",51,25,21,3,0
"18.3.24","25-49 White",34,44,18,4,0
"18.3.24","50-64 Asian",51,35,13,0,0
"18.3.24","50-64 Black",12,55,33,0,0
"18.3.24","50-64 Mixed",39,29,32,0,0
"18.3.24","50-64 Other",41,37,22,0,0
"18.3.24","50-64 White",43,46,10,1,0
"18.3.24","65+ Asian",30,59,11,0,0
"18.3.24","65+ Black",0,54,46,0,0
"18.3.24","65+ Mixed",22,48,0,30,0
"18.3.24","65+ Other",100,0,0,0,0
"18.3.24","65+ White",47,42,9,2,1
"18.3.24","18-24 Brexit Party",7,93,0,0,0
"18.3.24","18-24 Conservatives",14,34,47,5,0
"18.3.24","18-24 Greens",52,47,1,0,0
"18.3.24","18-24 Labour",33,51,11,0,4
"18.3.24","18-24 Liberal Democrats",61,39,0,0,0
"18.3.24","18-24 Other",49,33,18,0,0
"18.3.24","18-24 SNP",0,100,0,0,0
"18.3.24","25-49 Brexit Party",41,44,14,0,0
"18.3.24","25-49 Conservatives",26,43,23,7,0
"18.3.24","25-49 Greens",56,33,11,0,0
"18.3.24","25-49 Labour",39,39,19,3,0
"18.3.24","25-49 Liberal Democrats",32,46,16,5,1
"18.3.24","25-49 Other",26,35,39,0,0
"18.3.24","25-49 SNP",34,49,17,0,0
"18.3.24","50-64 Brexit Party",35,55,10,0,0
"18.3.24","50-64 Conservatives",32,55,11,2,0
"18.3.24","50-64 Greens",60,15,25,0,0
"18.3.24","50-64 Labour",53,33,13,1,0
"18.3.24","50-64 Liberal Democrats",59,34,7,0,0
"18.3.24","50-64 Other",35,32,34,0,0
"18.3.24","50-64 SNP",37,59,4,0,0
"18.3.24","65+ Brexit Party",37,63,0,0,0
"18.3.24","65+ Conservatives",40,42,12,5,1
"18.3.24","65+ Greens",68,17,15,0,0
"18.3.24","65+ Labour",55,38,6,0,1
"18.3.24","65+ Liberal Democrats",44,46,9,0,2
"18.3.24","65+ Other",71,9,20,0,0
"18.3.24","65+ SNP",70,30,0,0,0
"18.3.24","Asian Brexit Party",22,66,13,0,0
"18.3.24","Asian Conservatives",28,43,21,9,0
"18.3.24","Asian Greens",100,0,0,0,0
"18.3.24","Asian Labour",40,31,23,4,3
"18.3.24","Asian Liberal Democrats",61,28,12,0,0
"18.3.24","Asian Other",0,0,100,0,0
"18.3.24","Asian SNP",0,100,0,0,0
"18.3.24","Black Brexit Party",12,71,17,0,0
"18.3.24","Black Conservatives",4,58,35,3,0
"18.3.24","Black Greens",18,0,82,0,0
"18.3.24","Black Labour",30,41,23,7,0
"18.3.24","Black Liberal Democrats",8,4,88,0,0
"18.3.24","Black Other",0,0,100,0,0
"18.3.24","Black SNP",0,100,0,0,0
"18.3.24","Mixed Brexit Party",1,92,7,0,0
"18.3.24","Mixed Conservatives",15,26,23,36,0
"18.3.24","Mixed Greens",100,0,0,0,0
"18.3.24","Mixed Labour",46,47,4,3,0
"18.3.24","Mixed Liberal Democrats",0,100,0,0,0
"18.3.24","Mixed Other",69,0,31,0,0
"18.3.24","Mixed SNP",0,100,0,0,0
"18.3.24","Other Brexit Party",92,0,8,0,0
"18.3.24","Other Conservatives",79,8,13,0,0
"18.3.24","Other Greens",100,0,0,0,0
"18.3.24","Other Labour",66,26,4,3,0
"18.3.24","Other Liberal Democrats",100,0,0,0,0
"18.3.24","Other Ethnicity Other Party",64,0,36,0,0
"18.3.24","Other SNP",68,32,0,0,0
"18.3.24","White Brexit Party",38,56,6,0,0
"18.3.24","White Conservatives",34,47,15,3,0
"18.3.24","White Greens",53,35,12,0,0
"18.3.24","White Labour",43,41,14,1,1
"18.3.24","White Liberal Democrats",44,46,6,2,1
"18.3.24","White Other",50,32,18,0,0
"18.3.24","White SNP",42,47,11,0,0
"19.2.24","National",34,43,20,3,1
"19.2.24","Female",32,45,19,3,1
"19.2.24","Male",36,40,20,2,2
"19.2.24","18-24",20,61,13,0,5
"19.2.24","25-49",35,41,20,3,1
"19.2.24","50-64",40,42,15,3,0
"19.2.24","65+",34,38,26,3,0
"19.2.24","Asian",33,35,28,1,3
"19.2.24","Black",7,23,53,13,3
"19.2.24","Mixed",18,59,23,0,0
"19.2.24","Other Ethnicity",10,25,64,0,0
"19.2.24","White",38,45,14,2,1
"19.2.24","Brexit Party",41,34,24,0,0
"19.2.24","Conservatives",27,42,26,3,2
"19.2.24","Greens",30,36,32,1,0
"19.2.24","Labour",44,44,10,1,0
"19.2.24","Liberal Democrats",33,44,18,4,1
"19.2.24","Other Party",25,50,21,4,0
"19.2.24","SNP",44,41,13,2,0
"19.2.24","Female 18-24",20,63,16,1,0
"19.2.24","Female 25-49",30,46,19,4,1
"19.2.24","Female 50-64",39,43,15,2,0
"19.2.24","Female 65+",33,38,25,4,1
"19.2.24","Male 18-24",21,59,11,0,9
"19.2.24","Male 25-49",39,37,21,1,1
"19.2.24","Male 50-64",41,41,15,3,0
"19.2.24","Male 65+",35,37,26,2,0
"19.2.24","Female Asian",35,34,30,2,0
"19.2.24","Female Black",9,34,42,14,0
"19.2.24","Female Mixed",20,37,43,0,0
"19.2.24","Female Other",17,33,49,0,0
"19.2.24","Female White",34,47,15,3,1
"19.2.24","Male Asian",31,35,26,1,6
"19.2.24","Male Black",6,15,61,12,6
"19.2.24","Male Mixed",15,82,3,0,0
"19.2.24","Male Other",6,21,73,0,0
"19.2.24","Male White",42,42,14,1,1
"19.2.24","Female Brexit Party",39,38,22,0,0
"19.2.24","Female Conservatives",26,43,26,4,1
"19.2.24","Female Greens",23,40,35,2,0
"19.2.24","Female Labour",41,48,10,1,0
"19.2.24","Female Liberal Democrats",27,47,19,5,1
"19.2.24","Female Other",27,46,14,12,0
"19.2.24","Female SNP",42,39,15,4,0
"19.2.24","Male Brexit Party",42,32,25,0,0
"19.2.24","Male Conservatives",28,41,26,2,2
"19.2.24","Male Greens",39,33,29,0,0
"19.2.24","Male Labour",48,39,11,1,1
"19.2.24","Male Liberal Democrats",38,42,17,2,1
"19.2.24","Male Other",23,52,25,0,0
"19.2.24","Male SNP",47,42,12,0,0
"19.2.24","18-24 Asian",28,40,16,0,15
"19.2.24","18-24 Black",3,43,40,0,14
"19.2.24","18-24 Mixed",20,62,18,0,0
"19.2.24","18-24 Other",0,75,25,0,0
"19.2.24","18-24 White",22,65,10,1,3
"19.2.24","25-49 Asian",29,37,30,2,2
"19.2.24","25-49 Black",9,29,33,24,5
"19.2.24","25-49 Mixed",27,61,13,0,0
"19.2.24","25-49 Other",36,13,51,0,0
"19.2.24","25-49 White",37,43,17,2,1
"19.2.24","50-64 Asian",40,35,25,0,0
"19.2.24","50-64 Black",12,33,25,30,0
"19.2.24","50-64 Mixed",18,82,0,0,0
"19.2.24","50-64 Other",0,42,58,0,0
"19.2.24","50-64 White",43,43,13,2,0
"19.2.24","65+ Asian",47,14,39,0,0
"19.2.24","65+ Black",5,8,87,0,0
"19.2.24","65+ Mixed",12,54,34,0,0
"19.2.24","65+ Other",0,19,81,0,0
"19.2.24","65+ White",40,41,14,4,0
"19.2.24","18-24 Brexit Party",0,94,6,0,0
"19.2.24","18-24 Conservatives",7,49,21,0,22
"19.2.24","18-24 Greens",0,57,43,0,0
"19.2.24","18-24 Labour",31,57,13,0,0
"19.2.24","18-24 Liberal Democrats",0,100,0,0,0
"19.2.24","18-24 Other",0,99,1,0,0
"19.2.24","18-24 SNP",35,58,0,7,0
"19.2.24","25-49 Brexit Party",39,45,16,0,0
"19.2.24","25-49 Conservatives",21,41,32,4,1
"19.2.24","25-49 Greens",33,33,32,2,0
"19.2.24","25-49 Labour",44,43,11,1,1
"19.2.24","25-49 Liberal Democrats",36,39,19,5,1
"19.2.24","25-49 Other",29,36,34,0,0
"19.2.24","25-49 SNP",42,47,9,2,0
"19.2.24","50-64 Brexit Party",72,24,4,0,0
"19.2.24","50-64 Conservatives",32,45,18,5,0
"19.2.24","50-64 Greens",47,38,15,0,0
"19.2.24","50-64 Labour",48,42,10,1,0
"19.2.24","50-64 Liberal Democrats",47,42,11,0,0
"19.2.24","50-64 Other",44,38,18,0,0
"19.2.24","50-64 SNP",54,28,18,0,0
"19.2.24","65+ Brexit Party",19,27,54,0,0
"19.2.24","65+ Conservatives",31,39,28,2,0
"19.2.24","65+ Greens",26,24,50,0,0
"19.2.24","65+ Labour",53,35,8,3,0
"19.2.24","65+ Liberal Democrats",28,34,30,5,3
"19.2.24","65+ Other",11,59,16,14,0
"19.2.24","65+ SNP",48,21,30,0,0
"19.2.24","Asian Brexit Party",0,100,0,0,0
"19.2.24","Asian Conservatives",25,23,40,3,8
"19.2.24","Asian Greens",0,0,100,0,0
"19.2.24","Asian Labour",42,39,19,0,0
"19.2.24","Asian Liberal Democrats",42,41,18,0,0
"19.2.24","Asian Other",45,55,0,0,0
"19.2.24","Asian SNP",31,69,0,0,0
"19.2.24","Black Brexit Party",0,0,100,0,0
"19.2.24","Black Conservatives",8,11,59,19,4
"19.2.24","Black Greens",0,0,100,0,0
"19.2.24","Black Labour",12,43,34,6,5
"19.2.24","Black Liberal Democrats",0,19,60,21,0
"19.2.24","Black Other",0,100,0,0,0
"19.2.24","Black SNP",0,19,81,0,0
"19.2.24","Mixed Brexit Party",0,76,24,0,0
"19.2.24","Mixed Conservatives",0,68,32,0,0
"19.2.24","Mixed Greens",0,11,89,0,0
"19.2.24","Mixed Labour",54,34,12,0,0
"19.2.24","Mixed Liberal Democrats",0,100,0,0,0
"19.2.24","Mixed Other",0,18,82,0,0
"19.2.24","Mixed SNP",45,55,0,0,0
"19.2.24","Other Brexit Party",3,33,63,0,0
"19.2.24","Other Conservatives",0,0,100,0,0
"19.2.24","Other Greens",0,7,93,0,0
"19.2.24","Other Labour",27,70,3,0,0
"19.2.24","Other Liberal Democrats",13,16,71,0,0
"19.2.24","Other Ethnicity Other Party",21,68,10,0,0
"19.2.24","Other SNP",19,33,49,0,0
"19.2.24","White Brexit Party",51,29,20,0,0
"19.2.24","White Conservatives",31,46,19,3,1
"19.2.24","White Greens",38,45,16,1,0
"19.2.24","White Labour",46,44,8,1,0
"19.2.24","White Liberal Democrats",36,45,14,3,2
"19.2.24","White Other",26,46,22,6,0
"19.2.24","White SNP",50,38,9,2,0
"22.1.24","National",38,39,19,4,1
"22.1.24","Female",38,39,19,3,1
"22.1.24","Male",38,38,18,5,1
"22.1.24","18-24",31,48,16,3,1
"22.1.24","25-49",33,40,23,4,1
"22.1.24","50-64",39,37,17,5,1
"22.1.24","65+",47,35,15,3,0
"22.1.24","Asian",41,29,22,6,2
"22.1.24","Black",14,41,18,22,6
"22.1.24","Mixed",64,24,10,2,0
"22.1.24","Other Ethnicity",71,26,4,0,0
"22.1.24","White",37,41,19,3,0
"22.1.24","Brexit Party",51,16,27,6,0
"22.1.24","Conservatives",30,39,24,5,1
"22.1.24","Greens",42,37,7,14,0
"22.1.24","Labour",45,39,14,1,1
"22.1.24","Liberal Democrats",44,39,14,3,0
"22.1.24","Other Party",36,36,20,8,0
"22.1.24","SNP",44,42,9,5,0
"22.1.24","Female 18-24",30,50,19,1,0
"22.1.24","Female 25-49",32,43,21,4,1
"22.1.24","Female 50-64",40,35,17,5,2
"22.1.24","Female 65+",47,33,17,2,0
"22.1.24","Male 18-24",32,46,14,6,3
"22.1.24","Male 25-49",33,37,25,4,0
"22.1.24","Male 50-64",39,39,17,5,0
"22.1.24","Male 65+",47,36,12,4,1
"22.1.24","Female Asian",49,25,19,6,1
"22.1.24","Female Black",15,33,17,22,13
"22.1.24","Female Mixed",61,28,9,3,0
"22.1.24","Female Other",29,62,10,0,0
"22.1.24","Female White",38,40,20,2,0
"22.1.24","Male Asian",33,32,25,7,3
"22.1.24","Male Black",13,47,18,22,0
"22.1.24","Male Mixed",67,21,10,2,0
"22.1.24","Male Other",95,5,0,0,0
"22.1.24","Male White",36,41,19,3,1
"22.1.24","Female Brexit Party",40,15,44,1,0
"22.1.24","Female Conservatives",30,39,25,5,2
"22.1.24","Female Greens",41,41,6,12,0
"22.1.24","Female Labour",44,41,14,1,1
"22.1.24","Female Liberal Democrats",49,36,13,3,0
"22.1.24","Female Other",48,34,16,2,0
"22.1.24","Female SNP",39,42,12,7,0
"22.1.24","Male Brexit Party",57,17,18,8,0
"22.1.24","Male Conservatives",30,40,23,6,0
"22.1.24","Male Greens",43,32,9,16,0
"22.1.24","Male Labour",47,37,13,1,1
"22.1.24","Male Liberal Democrats",40,41,16,4,0
"22.1.24","Male Other",29,38,22,12,0
"22.1.24","Male SNP",49,41,7,3,0
"22.1.24","18-24 Asian",61,9,10,15,5
"22.1.24","18-24 Black",0,23,54,22,0
"22.1.24","18-24 Mixed",0,95,1,4,0
"22.1.24","18-24 Other",54,46,0,0,0
"22.1.24","18-24 White",30,53,16,0,1
"22.1.24","25-49 Asian",36,35,25,2,2
"22.1.24","25-49 Black",23,14,21,38,3
"22.1.24","25-49 Mixed",32,36,29,3,0
"22.1.24","25-49 Other",44,44,12,0,0
"22.1.24","25-49 White",32,42,23,2,0
"22.1.24","50-64 Asian",45,18,21,15,0
"22.1.24","50-64 Black",12,12,22,28,26
"22.1.24","50-64 Mixed",74,17,6,3,0
"22.1.24","50-64 Other",43,57,0,0,0
"22.1.24","50-64 White",40,39,17,4,0
"22.1.24","65+ Asian",31,41,28,0,0
"22.1.24","65+ Black",12,83,0,5,0
"22.1.24","65+ Mixed",96,0,3,2,0
"22.1.24","65+ Other",95,4,0,0,0
"22.1.24","65+ White",43,36,17,4,0
"22.1.24","18-24 Brexit Party",74,1,18,6,0
"22.1.24","18-24 Conservatives",12,57,25,7,0
"22.1.24","18-24 Greens",42,33,7,18,0
"22.1.24","18-24 Labour",32,49,16,1,3
"22.1.24","18-24 Liberal Democrats",33,51,17,0,0
"22.1.24","18-24 Other",0,94,6,0,0
"22.1.24","18-24 SNP",87,7,0,6,0
"22.1.24","25-49 Brexit Party",29,33,25,13,0
"22.1.24","25-49 Conservatives",23,35,36,6,0
"22.1.24","25-49 Greens",32,49,12,7,0
"22.1.24","25-49 Labour",41,41,16,1,1
"22.1.24","25-49 Liberal Democrats",35,46,16,4,0
"22.1.24","25-49 Other",38,27,35,0,0
"22.1.24","25-49 SNP",24,52,16,7,0
"22.1.24","50-64 Brexit Party",58,21,21,0,0
"22.1.24","50-64 Conservatives",26,41,23,7,2
"22.1.24","50-64 Greens",47,33,4,16,0
"22.1.24","50-64 Labour",58,31,11,1,0
"22.1.24","50-64 Liberal Democrats",51,32,9,7,0
"22.1.24","50-64 Other",21,50,29,0,0
"22.1.24","50-64 SNP",46,45,7,2,0
"22.1.24","65+ Brexit Party",60,0,35,5,0
"22.1.24","65+ Conservatives",40,39,17,4,1
"22.1.24","65+ Greens",62,14,0,24,0
"22.1.24","65+ Labour",60,32,8,0,0
"22.1.24","65+ Liberal Democrats",57,27,15,0,0
"22.1.24","65+ Other",57,19,0,25,0
"22.1.24","65+ SNP",60,40,0,0,0
"22.1.24","Asian Brexit Party",0,0,100,0,0
"22.1.24","Asian Conservatives",28,27,33,12,0
"22.1.24","Asian Greens",50,19,0,30,0
"22.1.24","Asian Labour",58,20,17,0,5
"22.1.24","Asian Liberal Democrats",44,56,0,0,0
"22.1.24","Asian Other",0,28,72,0,0
"22.1.24","Asian SNP",21,64,0,16,0
"22.1.24","Black Brexit Party",17,0,21,62,0
"22.1.24","Black Conservatives",4,56,14,14,12
"22.1.24","Black Greens",0,0,0,100,0
"22.1.24","Black Labour",24,44,20,12,0
"22.1.24","Black Liberal Democrats",35,0,30,35,0
"22.1.24","Black Other",0,0,57,43,0
"22.1.24","Black SNP",0,30,1,68,0
"22.1.24","Mixed Brexit Party",0,0,100,0,0
"22.1.24","Mixed Conservatives",82,9,9,0,0
"22.1.24","Mixed Greens",0,0,0,100,0
"22.1.24","Mixed Labour",41,54,4,0,0
"22.1.24","Mixed Liberal Democrats",77,23,0,0,0
"22.1.24","Mixed Other",57,12,31,0,0
"22.1.24","Mixed SNP",34,28,38,0,0
"22.1.24","Other Brexit Party",78,5,17,0,0
"22.1.24","Other Conservatives",85,15,0,0,0
"22.1.24","Other Greens",54,46,0,0,0
"22.1.24","Other Labour",61,28,11,0,0
"22.1.24","Other Liberal Democrats",50,50,0,0,0
"22.1.24","Other Ethnicity Other Party",42,58,0,0,0
"22.1.24","Other SNP",39,61,0,0,0
"22.1.24","White Brexit Party",59,20,18,3,0
"22.1.24","White Conservatives",27,42,26,5,0
"22.1.24","White Greens",45,42,9,4,0
"22.1.24","White Labour",45,41,14,0,1
"22.1.24","White Liberal Democrats",43,39,16,2,0
"22.1.24","White Other",41,39,13,7,0
"22.1.24","White SNP",50,40,10,0,0
"4.3.24","National",44,38,14,3,0
"4.3.24","Female",41,41,16,3,1
"4.3.24","Male",48,35,13,4,0
"4.3.24","18-24",31,44,16,9,0
"4.3.24","25-49",41,38,19,2,0
"4.3.24","50-64",46,36,14,3,1
"4.3.24","65+",53,36,8,3,1
"4.3.24","Asian",29,39,24,8,0
"4.3.24","Black",49,29,9,12,0
"4.3.24","Mixed",20,54,23,3,0
"4.3.24","Other Ethnicity",74,23,2,1,0
"4.3.24","White",45,38,14,2,0
"4.3.24","Brexit Party",45,29,25,0,0
"4.3.24","Conservatives",39,41,14,5,1
"4.3.24","Greens",49,42,6,3,1
"4.3.24","Labour",52,33,13,2,0
"4.3.24","Liberal Democrats",41,43,16,0,0
"4.3.24","Other Party",57,23,14,6,0
"4.3.24","SNP",41,35,24,0,0
"4.3.24","Female 18-24",30,47,18,6,0
"4.3.24","Female 25-49",36,45,18,1,0
"4.3.24","Female 50-64",41,36,18,3,2
"4.3.24","Female 65+",50,37,10,3,1
"4.3.24","Male 18-24",32,42,14,11,0
"4.3.24","Male 25-49",46,32,19,3,0
"4.3.24","Male 50-64",50,37,11,2,0
"4.3.24","Male 65+",56,34,7,3,0
"4.3.24","Female Asian",33,43,19,5,0
"4.3.24","Female Black",41,37,10,12,0
"4.3.24","Female Mixed",18,59,22,1,0
"4.3.24","Female Other",66,29,2,2,0
"4.3.24","Female White",41,40,16,2,1
"4.3.24","Male Asian",25,35,29,11,0
"4.3.24","Male Black",54,24,9,13,1
"4.3.24","Male Mixed",23,49,23,5,0
"4.3.24","Male Other",79,20,2,0,0
"4.3.24","Male White",50,36,12,2,0
"4.3.24","Female Brexit Party",38,23,39,0,0
"4.3.24","Female Conservatives",36,43,15,4,1
"4.3.24","Female Greens",58,39,3,0,0
"4.3.24","Female Labour",46,37,15,2,0
"4.3.24","Female Liberal Democrats",37,47,16,0,0
"4.3.24","Female Other",57,24,13,5,0
"4.3.24","Female SNP",34,36,30,0,0
"4.3.24","Male Brexit Party",49,33,18,0,0
"4.3.24","Male Conservatives",42,40,13,5,0
"4.3.24","Male Greens",39,45,9,6,2
"4.3.24","Male Labour",60,27,11,3,0
"4.3.24","Male Liberal Democrats",45,39,17,0,0
"4.3.24","Male Other",57,22,14,7,0
"4.3.24","Male SNP",48,34,18,0,0
"4.3.24","18-24 Asian",12,37,30,22,0
"4.3.24","18-24 Black",16,43,13,28,0
"4.3.24","18-24 Mixed",23,42,18,17,0
"4.3.24","18-24 Other",81,11,0,8,0
"4.3.24","18-24 White",34,48,14,4,0
"4.3.24","25-49 Asian",28,42,24,5,0
"4.3.24","25-49 Black",15,53,16,15,1
"4.3.24","25-49 Mixed",22,26,50,1,0
"4.3.24","25-49 Other",70,23,7,0,0
"4.3.24","25-49 White",44,38,17,1,0
"4.3.24","50-64 Asian",38,40,22,0,0
"4.3.24","50-64 Black",23,39,16,23,0
"4.3.24","50-64 Mixed",32,68,0,0,0
"4.3.24","50-64 Other",8,92,0,0,0
"4.3.24","50-64 White",48,35,14,2,1
"4.3.24","65+ Asian",41,26,19,14,0
"4.3.24","65+ Black",100,0,0,0,0
"4.3.24","65+ Mixed",17,70,13,0,0
"4.3.24","65+ Other",89,11,0,0,0
"4.3.24","65+ White",49,38,9,3,1
"4.3.24","18-24 Brexit Party",14,62,25,0,0
"4.3.24","18-24 Conservatives",23,33,10,35,0
"4.3.24","18-24 Greens",37,60,0,3,0
"4.3.24","18-24 Labour",39,49,10,2,0
"4.3.24","18-24 Liberal Democrats",0,62,38,0,0
"4.3.24","18-24 Other",32,50,11,6,0
"4.3.24","18-24 SNP",43,0,57,0,0
"4.3.24","25-49 Brexit Party",44,11,45,0,0
"4.3.24","25-49 Conservatives",30,47,20,2,0
"4.3.24","25-49 Greens",43,41,8,5,2
"4.3.24","25-49 Labour",51,30,16,2,0
"4.3.24","25-49 Liberal Democrats",38,44,18,0,0
"4.3.24","25-49 Other",57,18,15,10,0
"4.3.24","25-49 SNP",24,47,29,0,0
"4.3.24","50-64 Brexit Party",57,26,17,0,0
"4.3.24","50-64 Conservatives",37,40,18,4,1
"4.3.24","50-64 Greens",53,43,4,0,0
"4.3.24","50-64 Labour",54,29,13,2,1
"4.3.24","50-64 Liberal Democrats",53,44,3,0,0
"4.3.24","50-64 Other",62,10,20,8,0
"4.3.24","50-64 SNP",56,37,7,0,0
"4.3.24","65+ Brexit Party",40,42,18,0,0
"4.3.24","65+ Conservatives",49,39,8,3,1
"4.3.24","65+ Greens",71,21,7,0,0
"4.3.24","65+ Labour",67,25,4,3,0
"4.3.24","65+ Liberal Democrats",49,32,18,0,0
"4.3.24","65+ Other",61,31,9,0,0
"4.3.24","65+ SNP",71,29,0,0,0
"4.3.24","Asian Brexit Party",0,0,100,0,0
"4.3.24","Asian Conservatives",26,34,23,16,0
"4.3.24","Asian Greens",17,64,0,19,0
"4.3.24","Asian Labour",46,35,17,1,0
"4.3.24","Asian Liberal Democrats",0,68,32,0,0
"4.3.24","Asian Other",46,0,28,26,0
"4.3.24","Asian SNP",0,48,52,0,0
"4.3.24","Black Brexit Party",49,0,51,0,0
"4.3.24","Black Conservatives",57,17,5,20,0
"4.3.24","Black Greens",21,51,0,10,18
"4.3.24","Black Labour",46,32,17,5,0
"4.3.24","Black Liberal Democrats",35,65,0,0,0
"4.3.24","Black Other",43,0,0,57,0
"4.3.24","Black SNP",26,55,19,0,0
"4.3.24","Mixed Brexit Party",14,0,86,0,0
"4.3.24","Mixed Conservatives",0,83,12,5,0
"4.3.24","Mixed Greens",17,67,0,16,0
"4.3.24","Mixed Labour",60,33,7,0,0
"4.3.24","Mixed Liberal Democrats",4,4,91,0,0
"4.3.24","Mixed Other",78,0,21,1,0
"4.3.24","Mixed SNP",0,42,58,0,0
"4.3.24","Other Brexit Party",66,15,19,0,0
"4.3.24","Other Conservatives",87,11,0,2,0
"4.3.24","Other Greens",100,0,0,0,0
"4.3.24","Other Labour",80,20,0,0,0
"4.3.24","Other Liberal Democrats",0,100,0,0,0
"4.3.24","Other Ethnicity Other Party",100,0,0,0,0
"4.3.24","Other SNP",62,0,38,1,0
"4.3.24","White Brexit Party",50,36,15,0,0
"4.3.24","White Conservatives",39,43,15,3,1
"4.3.24","White Greens",54,39,7,0,0
"4.3.24","White Labour",52,33,13,2,0
"4.3.24","White Liberal Democrats",49,38,13,0,0
"4.3.24","White Other",56,29,14,1,0
"4.3.24","White SNP",48,33,19,0,0
"5.2.24","National",31,42,21,6,0
"5.2.24","Female",31,42,21,6,0
"5.2.24","Male",32,42,20,6,1
"5.2.24","18-24",34,35,28,4,0
"5.2.24","25-49",28,45,23,4,0
"5.2.24","50-64",35,40,20,5,1
"5.2.24","65+",32,42,16,9,0
"5.2.24","Asian",33,40,25,2,0
"5.2.24","Black",4,16,31,47,2
"5.2.24","Mixed",22,68,6,4,0
"5.2.24","Other Ethnicity",72,24,4,0,0
"5.2.24","White",31,44,21,4,0
"5.2.24","Brexit Party",41,28,31,0,0
"5.2.24","Conservatives",23,44,24,8,1
"5.2.24","Greens",28,54,14,1,3
"5.2.24","Labour",40,40,17,3,0
"5.2.24","Liberal Democrats",37,42,15,6,0
"5.2.24","Other Party",26,44,21,9,0
"5.2.24","SNP",35,42,20,3,0
"5.2.24","Female 18-24",37,36,25,3,0
"5.2.24","Female 25-49",27,44,24,4,0
"5.2.24","Female 50-64",36,41,17,6,0
"5.2.24","Female 65+",30,42,20,8,0
"5.2.24","Male 18-24",31,33,30,5,0
"5.2.24","Male 25-49",29,46,21,3,1
"5.2.24","Male 50-64",33,39,22,5,1
"5.2.24","Male 65+",34,43,12,11,1
"5.2.24","Female Asian",39,38,22,1,0
"5.2.24","Female Black",8,11,37,43,0
"5.2.24","Female Mixed",18,70,8,4,0
"5.2.24","Female Other",63,30,7,0,0
"5.2.24","Female White",31,43,22,4,0
"5.2.24","Male Asian",26,42,29,2,1
"5.2.24","Male Black",1,20,26,49,4
"5.2.24","Male Mixed",26,66,3,5,0
"5.2.24","Male Other",77,21,2,0,0
"5.2.24","Male White",32,44,20,3,1
"5.2.24","Female Brexit Party",32,26,43,0,0
"5.2.24","Female Conservatives",22,45,25,8,0
"5.2.24","Female Greens",28,53,18,2,0
"5.2.24","Female Labour",41,38,17,4,0
"5.2.24","Female Liberal Democrats",31,43,18,8,0
"5.2.24","Female Other",35,42,23,0,0
"5.2.24","Female SNP",35,41,20,4,0
"5.2.24","Male Brexit Party",47,29,25,0,0
"5.2.24","Male Conservatives",23,43,24,9,1
"5.2.24","Male Greens",27,56,10,0,7
"5.2.24","Male Labour",40,41,17,2,0
"5.2.24","Male Liberal Democrats",41,41,13,5,0
"5.2.24","Male Other",21,45,20,14,0
"5.2.24","Male SNP",36,43,19,1,0
"5.2.24","18-24 Asian",44,34,22,0,0
"5.2.24","18-24 Black",0,16,66,19,0
"5.2.24","18-24 Mixed",66,32,2,0,0
"5.2.24","18-24 Other",95,0,5,0,0
"5.2.24","18-24 White",30,38,28,4,0
"5.2.24","25-49 Asian",24,45,30,1,1
"5.2.24","25-49 Black",9,14,51,19,7
"5.2.24","25-49 Mixed",31,48,21,0,0
"5.2.24","25-49 Other",25,64,11,0,0
"5.2.24","25-49 White",30,46,20,3,0
"5.2.24","50-64 Asian",26,45,22,7,0
"5.2.24","50-64 Black",7,13,34,46,0
"5.2.24","50-64 Mixed",48,0,0,52,0
"5.2.24","50-64 Other",50,50,0,0,0
"5.2.24","50-64 White",36,41,19,3,1
"5.2.24","65+ Asian",69,17,13,0,0
"5.2.24","65+ Black",0,20,0,80,0
"5.2.24","65+ Mixed",0,100,0,0,0
"5.2.24","65+ Other",100,0,0,0,0
"5.2.24","65+ White",30,44,20,5,0
"5.2.24","18-24 Brexit Party",0,6,94,0,0
"5.2.24","18-24 Conservatives",22,34,35,9,0
"5.2.24","18-24 Greens",0,79,20,0,0
"5.2.24","18-24 Labour",40,38,21,2,0
"5.2.24","18-24 Liberal Democrats",64,18,10,8,0
"5.2.24","18-24 Other",16,0,84,0,0
"5.2.24","18-24 SNP",4,17,79,0,0
"5.2.24","25-49 Brexit Party",0,48,52,0,0
"5.2.24","25-49 Conservatives",17,45,33,5,1
"5.2.24","25-49 Greens",28,52,12,0,8
"5.2.24","25-49 Labour",36,42,19,3,0
"5.2.24","25-49 Liberal Democrats",30,52,14,4,0
"5.2.24","25-49 Other",36,52,12,0,0
"5.2.24","25-49 SNP",31,53,12,4,0
"5.2.24","50-64 Brexit Party",67,12,22,0,0
"5.2.24","50-64 Conservatives",21,46,24,7,1
"5.2.24","50-64 Greens",32,43,22,3,0
"5.2.24","50-64 Labour",53,29,15,3,0
"5.2.24","50-64 Liberal Democrats",40,41,16,3,0
"5.2.24","50-64 Other",18,44,28,10,0
"5.2.24","50-64 SNP",45,49,0,6,0
"5.2.24","65+ Brexit Party",57,30,13,0,0
"5.2.24","65+ Conservatives",28,43,18,11,0
"5.2.24","65+ Greens",46,54,0,0,0
"5.2.24","65+ Labour",38,48,10,4,0
"5.2.24","65+ Liberal Democrats",33,35,21,12,0
"5.2.24","65+ Other",25,48,8,19,0
"5.2.24","65+ SNP",65,25,9,0,0
"5.2.24","Asian Brexit Party",0,47,53,0,0
"5.2.24","Asian Conservatives",23,39,34,4,0
"5.2.24","Asian Greens",0,83,0,0,17
"5.2.24","Asian Labour",46,31,23,0,0
"5.2.24","Asian Liberal Democrats",42,40,18,0,0
"5.2.24","Asian Other",53,32,0,16,0
"5.2.24","Asian SNP",0,100,0,0,0
"5.2.24","Black Brexit Party",0,49,51,0,0
"5.2.24","Black Conservatives",0,0,22,74,4
"5.2.24","Black Greens",0,20,62,0,18
"5.2.24","Black Labour",13,24,46,18,0
"5.2.24","Black Liberal Democrats",0,32,16,52,0
"5.2.24","Black Other",0,12,57,32,0
"5.2.24","Black SNP",0,81,19,0,0
"5.2.24","Mixed Brexit Party",12,69,19,0,0
"5.2.24","Mixed Conservatives",12,74,5,9,0
"5.2.24","Mixed Greens",11,89,0,0,0
"5.2.24","Mixed Labour",37,58,5,0,0
"5.2.24","Mixed Liberal Democrats",34,57,8,0,0
"5.2.24","Mixed Other",2,57,34,7,0
"5.2.24","Mixed SNP",8,92,0,0,0
"5.2.24","Other Brexit Party",77,19,4,0,0
"5.2.24","Other Conservatives",69,31,0,0,0
"5.2.24","Other Greens",43,39,18,0,0
"5.2.24","Other Labour",63,26,11,0,0
"5.2.24","Other Liberal Democrats",100,0,0,0,0
"5.2.24","Other Ethnicity Other Party",98,2,0,0,0
"5.2.24","Other SNP",100,0,0,0,0
"5.2.24","White Brexit Party",47,23,29,0,0
"5.2.24","White Conservatives",22,46,26,5,1
"5.2.24","White Greens",32,52,13,1,1
"5.2.24","White Labour",41,41,15,3,0
"5.2.24","White Liberal Democrats",36,44,16,4,0
"5.2.24","White Other",23,48,22,7,0
"5.2.24","White SNP",40,33,24,4,0
"2.4.24","National",33,43,22,2,0
"2.4.24","Female",31,43,23,3,0
"2.4.24","Male",35,43,20,2,0
"2.4.24","18-24",32,43,21,2,0
"2.4.24","25-49",29,43,25,3,0
"2.4.24","50-64",34,43,21,2,0
"2.4.24","65+",38,42,18,2,0
"2.4.24","Asian",27,44,26,3,0
"2.4.24","Black",16,39,38,6,1
"2.4.24","Mixed",38,42,18,2,0
"2.4.24","Other",40,41,16,2,0
"2.4.24","White",34,43,20,2,0
"2.4.24","Brexit Party",27,44,25,3,0
"2.4.24","Conservatives",26,44,26,3,0
"2.4.24","Greens",36,43,19,2,0
"2.4.24","Labour",39,42,17,2,0
"2.4.24","Liberal Democrats",34,43,20,2,0
"2.4.24","Other",43,40,15,1,0
"2.4.24","SNP",45,40,14,1,0
"2.4.24","Female 18-24",33,43,21,2,0
"2.4.24","Female 25-49",26,44,27,3,0
"2.4.24","Female 50-64",30,44,24,3,0
"2.4.24","Female 65+",38,42,18,2,0
"2.4.24","Male 18-24",32,43,22,2,0
"2.4.24","Male 25-49",32,43,22,2,0
"2.4.24","Male 50-64",38,42,18,2,0
"2.4.24","Male 65+",38,42,18,2,0
"2.4.24","Female Asian",25,44,27,3,0
"2.4.24","Female Black",14,38,41,7,1
"2.4.24","Female Mixed",36,43,19,2,0
"2.4.24","Female Other",37,42,19,2,0
"2.4.24","Female White",32,44,22,2,0
"2.4.24","Male Asian",29,44,24,3,0
"2.4.24","Male Black",17,41,36,5,1
"2.4.24","Male Mixed",39,42,17,2,0
"2.4.24","Male Other",42,41,15,1,0
"2.4.24","Male White",36,43,19,2,0
"2.4.24","Female Brexit Party",25,44,27,3,0
"2.4.24","Female Conservatives",25,44,28,3,0
"2.4.24","Female Greens",33,44,21,2,0
"2.4.24","Female Labour",37,43,18,2,0
"2.4.24","Female Liberal Democrats",31,44,22,2,0
"2.4.24","Female Other",41,41,16,2,0
"2.4.24","Female SNP",41,41,16,2,0
"2.4.24","Male Brexit Party",28,44,24,3,0
"2.4.24","Male Conservatives",28,44,25,3,0
"2.4.24","Male Greens",38,43,17,2,0
"2.4.24","Male Labour",43,41,15,1,0
"2.4.24","Male Liberal Democrats",37,43,18,2,0
"2.4.24","Male Other",44,40,14,1,0
"2.4.24","Male SNP",48,38,13,1,0
"2.4.24","18-24 Asian",29,44,24,3,0
"2.4.24","18-24 Black",15,40,39,6,1
"2.4.24","18-24 Mixed",36,43,19,2,0
"2.4.24","18-24 Other",39,42,17,2,0
"2.4.24","18-24 White",34,44,20,2,0
"2.4.24","25-49 Asian",25,44,28,3,0
"2.4.24","25-49 Black",13,37,42,7,1
"2.4.24","25-49 Mixed",32,44,22,2,0
"2.4.24","25-49 Other",34,43,20,2,0
"2.4.24","25-49 White",30,44,23,3,0
"2.4.24","50-64 Asian",29,44,24,3,0
"2.4.24","50-64 Black",15,39,39,6,1
"2.4.24","50-64 Mixed",37,43,19,2,0
"2.4.24","50-64 Other",39,42,17,2,0
"2.4.24","50-64 White",35,43,20,2,0
"2.4.24","65+ Asian",33,44,20,2,0
"2.4.24","65+ Black",18,42,35,5,1
"2.4.24","65+ Mixed",41,41,16,2,0
"2.4.24","65+ Other",44,40,14,1,0
"2.4.24","65+ White",39,42,17,2,0
"2.4.24","18-24 Brexit Party",22,44,30,4,1
"2.4.24","18-24 Conservatives",21,44,31,4,1
"2.4.24","18-24 Greens",32,44,21,2,0
"2.4.24","18-24 Labour",37,43,18,2,0
"2.4.24","18-24 Liberal Democrats",30,45,23,3,0
"2.4.24","18-24 Other",36,43,18,2,0
"2.4.24","18-24 SNP",42,41,15,1,0
"2.4.24","25-49 Brexit Party",21,44,31,4,1
"2.4.24","25-49 Conservatives",19,43,33,4,1
"2.4.24","25-49 Greens",30,45,22,2,0
"2.4.24","25-49 Labour",35,44,19,2,0
"2.4.24","25-49 Liberal Democrats",28,45,24,3,0
"2.4.24","25-49 Other",35,44,19,2,0
"2.4.24","25-49 SNP",40,42,16,2,0
"2.4.24","50-64 Brexit Party",28,45,24,3,0
"2.4.24","50-64 Conservatives",26,45,26,3,0
"2.4.24","50-64 Greens",39,42,17,2,0
"2.4.24","50-64 Labour",44,40,14,1,0
"2.4.24","50-64 Liberal Democrats",36,43,18,2,0
"2.4.24","50-64 Other",45,40,13,1,0
"2.4.24","50-64 SNP",48,38,12,1,0
"2.4.24","65+ Brexit Party",33,44,20,2,0
"2.4.24","65+ Conservatives",32,44,21,2,0
"2.4.24","65+ Greens",47,39,13,1,0
"2.4.24","65+ Labour",52,36,11,1,0
"2.4.24","65+ Liberal Democrats",44,40,14,1,0
"2.4.24","65+ Other",51,37,11,1,0
"2.4.24","65+ SNP",57,33,9,1,0
"2.4.24","Asian Brexit Party",21,44,31,4,1
"2.4.24","Asian Conservatives",20,43,32,4,1
"2.4.24","Asian Greens",29,45,23,3,0
"2.4.24","Asian Labour",33,44,20,2,0
"2.4.24","Asian Liberal Democrats",27,45,25,3,0
"2.4.24","Asian Other",35,44,19,2,0
"2.4.24","Asian SNP",38,43,17,2,0
"2.4.24","Black Brexit Party",12,37,42,7,1
"2.4.24","Black Conservatives",12,36,43,7,1
"2.4.24","Black Greens",17,41,36,5,1
"2.4.24","Black Labour",19,43,33,4,1
"2.4.24","Black Liberal Democrats",16,41,37,5,1
"2.4.24","Black Other",22,44,30,4,1
"2.4.24","Black SNP",24,44,28,3,0
"2.4.24","Mixed Brexit Party",32,44,21,2,0
"2.4.24","Mixed Conservatives",31,44,22,2,0
"2.4.24","Mixed Greens",40,42,16,2,0
"2.4.24","Mixed Labour",45,40,14,1,0
"2.4.24","Mixed Liberal Democrats",40,42,16,2,0
"2.4.24","Mixed Other",49,38,12,1,0
"2.4.24","Mixed SNP",50,37,11,1,0
"2.4.24","Other Brexit Party",35,44,19,2,0
"2.4.24","Other Conservatives",34,44,20,2,0
"2.4.24","Other Greens",43,41,15,1,0
"2.4.24","Other Labour",48,38,13,1,0
"2.4.24","Other Liberal Democrats",43,41,15,1,0
"2.4.24","Other Other",52,36,11,1,0
"2.4.24","Other SNP",54,35,10,1,0
"2.4.24","White Brexit Party",28,45,24,3,0
"2.4.24","White Conservatives",27,45,25,3,0
"2.4.24","White Greens",37,43,18,2,0
"2.4.24","White Labour",41,42,16,2,0
"2.4.24","White Liberal Democrats",35,43,19,2,0
"2.4.24","White Other",44,40,14,1,0
"2.4.24","White SNP",46,39,13,1,0
"15.4.24","National",30,42,25,3,0
"15.4.24","Female",28,42,26,3,0
"15.4.24","Male",32,42,24,3,0
"15.4.24","18-24",29,42,25,3,0
"15.4.24","25-49",26,42,29,4,0
"15.4.24","50-64",32,42,23,3,0
"15.4.24","65+",34,42,22,2,0
"15.4.24","Asian",24,42,30,4,0
"15.4.24","Black",13,36,43,7,1
"15.4.24","Mixed",27,43,27,3,0
"15.4.24","Other",53,35,11,1,0
"15.4.24","White",31,43,24,3,0
"15.4.24","Brexit Party",48,37,13,1,0
"15.4.24","Conservatives",23,42,31,4,0
"15.4.24","Greens",31,43,24,3,0
"15.4.24","Labour",36,42,20,2,0
"15.4.24","Liberal Democrats",35,42,21,2,0
"15.4.24","Other",31,43,23,3,0
"15.4.24","SNP",37,42,19,2,0
"15.4.24","Female 18-24",28,43,26,3,0
"15.4.24","Female 25-49",23,42,31,4,0
"15.4.24","Female 50-64",30,42,24,3,0
"15.4.24","Female 65+",33,42,22,2,0
"15.4.24","Male 18-24",30,42,24,3,0
"15.4.24","Male 25-49",28,42,26,3,0
"15.4.24","Male 50-64",34,42,22,2,0
"15.4.24","Male 65+",35,41,21,2,0
"15.4.24","Female Asian",22,42,31,4,0
"15.4.24","Female Black",12,34,45,8,1
"15.4.24","Female Mixed",25,42,29,3,0
"15.4.24","Female Other",50,36,13,1,0
"15.4.24","Female White",29,43,25,3,0
"15.4.24","Male Asian",26,43,28,3,0
"15.4.24","Male Black",14,37,42,7,0
"15.4.24","Male Mixed",28,43,26,3,0
"15.4.24","Male Other",55,34,10,1,0
"15.4.24","Male White",32,43,23,2,0
"15.4.24","Female Brexit Party",46,38,14,1,0
"15.4.24","Female Conservatives",21,42,32,4,0
"15.4.24","Female Greens",29,43,25,3,0
"15.4.24","Female Labour",33,42,22,2,0
"15.4.24","Female Liberal Democrats",33,42,22,2,0
"15.4.24","Female Other",30,43,25,3,0
"15.4.24","Female SNP",34,42,21,2,0
"15.4.24","Male Brexit Party",49,37,13,1,0
"15.4.24","Male Conservatives",24,42,30,4,0
"15.4.24","Male Greens",33,43,22,2,0
"15.4.24","Male Labour",38,41,18,2,0
"15.4.24","Male Liberal Democrats",37,42,19,2,0
"15.4.24","Male Other",32,43,23,2,0
"15.4.24","Male SNP",40,41,18,2,0
"15.4.24","18-24 Asian",26,43,28,3,0
"15.4.24","18-24 Black",13,36,44,7,1
"15.4.24","18-24 Mixed",26,43,28,3,0
"15.4.24","18-24 Other",52,35,11,1,0
"15.4.24","18-24 White",31,43,23,3,0
"15.4.24","25-49 Asian",22,42,32,4,0
"15.4.24","25-49 Black",11,32,47,9,1
"15.4.24","25-49 Mixed",22,42,32,4,0
"15.4.24","25-49 Other",47,38,14,1,0
"15.4.24","25-49 White",26,43,27,3,0
"15.4.24","50-64 Asian",28,43,26,3,0
"15.4.24","50-64 Black",14,37,42,7,1
"15.4.24","50-64 Mixed",28,43,26,3,0
"15.4.24","50-64 Other",54,34,11,1,0
"15.4.24","50-64 White",33,42,22,2,0
"15.4.24","65+ Asian",29,43,25,3,0
"15.4.24","65+ Black",15,38,40,6,0
"15.4.24","65+ Mixed",29,43,25,3,0
"15.4.24","65+ Other",57,33,10,1,0
"15.4.24","65+ White",34,42,21,2,0
"15.4.24","18-24 Brexit Party",42,40,16,2,0
"15.4.24","18-24 Conservatives",18,41,36,5,0
"15.4.24","18-24 Greens",28,43,26,3,0
"15.4.24","18-24 Labour",33,43,22,2,0
"15.4.24","18-24 Liberal Democrats",31,43,23,3,0
"15.4.24","18-24 Other",26,43,27,3,0
"15.4.24","18-24 SNP",34,43,21,2,0
"15.4.24","25-49 Brexit Party",39,42,18,2,0
"15.4.24","25-49 Conservatives",16,39,38,6,0
"15.4.24","25-49 Greens",26,43,28,3,0
"15.4.24","25-49 Labour",31,43,23,2,0
"15.4.24","25-49 Liberal Democrats",29,43,25,3,0
"15.4.24","25-49 Other",24,43,29,3,0
"15.4.24","25-49 SNP",32,43,22,2,0
"15.4.24","50-64 Brexit Party",50,37,12,1,0
"15.4.24","50-64 Conservatives",23,43,30,3,0
"15.4.24","50-64 Greens",35,43,20,2,0
"15.4.24","50-64 Labour",42,41,16,2,0
"15.4.24","50-64 Liberal Democrats",39,42,18,2,0
"15.4.24","50-64 Other",34,43,21,2,0
"15.4.24","50-64 SNP",42,40,16,1,0
"15.4.24","65+ Brexit Party",54,34,11,1,0
"15.4.24","65+ Conservatives",28,43,26,3,0
"15.4.24","65+ Greens",40,41,17,2,0
"15.4.24","65+ Labour",47,38,14,1,0
"15.4.24","65+ Liberal Democrats",44,39,15,1,0
"15.4.24","65+ Other",37,42,19,2,0
"15.4.24","65+ SNP",48,38,13,1,0
"15.4.24","Asian Brexit Party",40,41,17,2,0
"15.4.24","Asian Conservatives",17,40,38,5,0
"15.4.24","Asian Greens",24,44,29,3,0
"15.4.24","Asian Labour",29,44,24,3,0
"15.4.24","Asian Liberal Democrats",28,44,26,3,0
"15.4.24","Asian Other",24,43,29,3,0
"15.4.24","Asian SNP",30,44,23,2,0
"15.4.24","Black Brexit Party",25,43,28,3,0
"15.4.24","Black Conservatives",9,31,49,10,1
"15.4.24","Black Greens",13,37,43,7,0
"15.4.24","Black Labour",16,39,39,5,0
"15.4.24","Black Liberal Democrats",16,39,39,6,0
"15.4.24","Black Other",14,37,42,7,0
"15.4.24","Black SNP",17,40,37,5,0
"15.4.24","Mixed Brexit Party",45,39,15,1,0
"15.4.24","Mixed Conservatives",20,42,33,4,0
"15.4.24","Mixed Greens",27,44,26,3,0
"15.4.24","Mixed Labour",32,43,22,2,0
"15.4.24","Mixed Liberal Democrats",32,43,22,2,0
"15.4.24","Mixed Other",28,44,25,3,0
"15.4.24","Mixed SNP",34,43,21,2,0
"15.4.24","Other Brexit Party",72,22,5,0,0
"15.4.24","Other Conservatives",46,39,14,1,0
"15.4.24","Other Greens",54,34,10,1,0
"15.4.24","Other Labour",60,31,8,1,0
"15.4.24","Other Liberal Democrats",60,31,8,1,0
"15.4.24","Other Other",56,33,10,1,0
"15.4.24","Other SNP",62,29,8,1,0
"15.4.24","White Brexit Party",49,37,13,1,0
"15.4.24","White Conservatives",23,43,30,4,0
"15.4.24","White Greens",32,43,22,2,0
"15.4.24","White Labour",37,42,19,2,0
"15.4.24","White Liberal Democrats",36,43,20,2,0
"15.4.24","White Other",32,43,22,2,0
"15.4.24","White SNP",38,42,18,2,0
"15.4.24","National",30,42,25,3,0
"15.4.24","Female",28,42,26,3,0
"15.4.24","Male",32,42,24,3,0
"15.4.24","18-24",29,42,25,3,0
"15.4.24","25-49",26,42,29,4,0
"15.4.24","50-64",32,42,23,3,0
"15.4.24","65+",34,42,22,2,0
"15.4.24","Asian",24,42,30,4,0
"15.4.24","Black",13,36,43,7,1
"15.4.24","Mixed",27,43,27,3,0
"15.4.24","Other",53,35,11,1,0
"15.4.24","White",31,43,24,3,0
"15.4.24","Brexit Party",48,37,13,1,0
"15.4.24","Conservatives",23,42,31,4,0
"15.4.24","Greens",31,43,24,3,0
"15.4.24","Labour",36,42,20,2,0
"15.4.24","Liberal Democrats",35,42,21,2,0
"15.4.24","Other",31,43,23,3,0
"15.4.24","SNP",37,42,19,2,0
"15.4.24","Female 18-24",28,43,26,3,0
"15.4.24","Female 25-49",23,42,31,4,0
"15.4.24","Female 50-64",30,42,24,3,0
"15.4.24","Female 65+",33,42,22,2,0
"15.4.24","Male 18-24",30,42,24,3,0
"15.4.24","Male 25-49",28,42,26,3,0
"15.4.24","Male 50-64",34,42,22,2,0
"15.4.24","Male 65+",35,41,21,2,0
"15.4.24","Female Asian",22,42,31,4,0
"15.4.24","Female Black",12,34,45,8,1
"15.4.24","Female Mixed",25,42,29,3,0
"15.4.24","Female Other",50,36,13,1,0
"15.4.24","Female White",29,43,25,3,0
"15.4.24","Male Asian",26,43,28,3,0
"15.4.24","Male Black",14,37,42,7,0
"15.4.24","Male Mixed",28,43,26,3,0
"15.4.24","Male Other",55,34,10,1,0
"15.4.24","Male White",32,43,23,2,0
"15.4.24","Female Brexit Party",46,38,14,1,0
"15.4.24","Female Conservatives",21,42,32,4,0
"15.4.24","Female Greens",29,43,25,3,0
"15.4.24","Female Labour",33,42,22,2,0
"15.4.24","Female Liberal Democrats",33,42,22,2,0
"15.4.24","Female Other",30,43,25,3,0
"15.4.24","Female SNP",34,42,21,2,0
"15.4.24","Male Brexit Party",49,37,13,1,0
"15.4.24","Male Conservatives",24,42,30,4,0
"15.4.24","Male Greens",33,43,22,2,0
"15.4.24","Male Labour",38,41,18,2,0
"15.4.24","Male Liberal Democrats",37,42,19,2,0
"15.4.24","Male Other",32,43,23,2,0
"15.4.24","Male SNP",40,41,18,2,0
"15.4.24","18-24 Asian",26,43,28,3,0
"15.4.24","18-24 Black",13,36,44,7,1
"15.4.24","18-24 Mixed",26,43,28,3,0
"15.4.24","18-24 Other",52,35,11,1,0
"15.4.24","18-24 White",31,43,23,3,0
"15.4.24","25-49 Asian",22,42,32,4,0
"15.4.24","25-49 Black",11,32,47,9,1
"15.4.24","25-49 Mixed",22,42,32,4,0
"15.4.24","25-49 Other",47,38,14,1,0
"15.4.24","25-49 White",26,43,27,3,0
"15.4.24","50-64 Asian",28,43,26,3,0
"15.4.24","50-64 Black",14,37,42,7,1
"15.4.24","50-64 Mixed",28,43,26,3,0
"15.4.24","50-64 Other",54,34,11,1,0
"15.4.24","50-64 White",33,42,22,2,0
"15.4.24","65+ Asian",29,43,25,3,0
"15.4.24","65+ Black",15,38,40,6,0
"15.4.24","65+ Mixed",29,43,25,3,0
"15.4.24","65+ Other",57,33,10,1,0
"15.4.24","65+ White",34,42,21,2,0
"15.4.24","18-24 Brexit Party",42,40,16,2,0
"15.4.24","18-24 Conservatives",18,41,36,5,0
"15.4.24","18-24 Greens",28,43,26,3,0
"15.4.24","18-24 Labour",33,43,22,2,0
"15.4.24","18-24 Liberal Democrats",31,43,23,3,0
"15.4.24","18-24 Other",26,43,27,3,0
"15.4.24","18-24 SNP",34,43,21,2,0
"15.4.24","25-49 Brexit Party",39,42,18,2,0
"15.4.24","25-49 Conservatives",16,39,38,6,0
"15.4.24","25-49 Greens",26,43,28,3,0
"15.4.24","25-49 Labour",31,43,23,2,0
"15.4.24","25-49 Liberal Democrats",29,43,25,3,0
"15.4.24","25-49 Other",24,43,29,3,0
"15.4.24","25-49 SNP",32,43,22,2,0
"15.4.24","50-64 Brexit Party",50,37,12,1,0
"15.4.24","50-64 Conservatives",23,43,30,3,0
"15.4.24","50-64 Greens",35,43,20,2,0
"15.4.24","50-64 Labour",42,41,16,2,0
"15.4.24","50-64 Liberal Democrats",39,42,18,2,0
"15.4.24","50-64 Other",34,43,21,2,0
"15.4.24","50-64 SNP",42,40,16,1,0
"15.4.24","65+ Brexit Party",54,34,11,1,0
"15.4.24","65+ Conservatives",28,43,26,3,0
"15.4.24","65+ Greens",40,41,17,2,0
"15.4.24","65+ Labour",47,38,14,1,0
"15.4.24","65+ Liberal Democrats",44,39,15,1,0
"15.4.24","65+ Other",37,42,19,2,0
"15.4.24","65+ SNP",48,38,13,1,0
"15.4.24","Asian Brexit Party",40,41,17,2,0
"15.4.24","Asian Conservatives",17,40,38,5,0
"15.4.24","Asian Greens",24,44,29,3,0
"15.4.24","Asian Labour",29,44,24,3,0
"15.4.24","Asian Liberal Democrats",28,44,26,3,0
"15.4.24","Asian Other",24,43,29,3,0
"15.4.24","Asian SNP",30,44,23,2,0
"15.4.24","Black Brexit Party",25,43,28,3,0
"15.4.24","Black Conservatives",9,31,49,10,1
"15.4.24","Black Greens",13,37,43,7,0
"15.4.24","Black Labour",16,39,39,5,0
"15.4.24","Black Liberal Democrats",16,39,39,6,0
"15.4.24","Black Other",14,37,42,7,0
"15.4.24","Black SNP",17,40,37,5,0
"15.4.24","Mixed Brexit Party",45,39,15,1,0
"15.4.24","Mixed Conservatives",20,42,33,4,0
"15.4.24","Mixed Greens",27,44,26,3,0
"15.4.24","Mixed Labour",32,43,22,2,0
"15.4.24","Mixed Liberal Democrats",32,43,22,2,0
"15.4.24","Mixed Other",28,44,25,3,0
"15.4.24","Mixed SNP",34,43,21,2,0
"15.4.24","Other Brexit Party",72,22,5,0,0
"15.4.24","Other Conservatives",46,39,14,1,0
"15.4.24","Other Greens",54,34,10,1,0
"15.4.24","Other Labour",60,31,8,1,0
"15.4.24","Other Liberal Democrats",60,31,8,1,0
"15.4.24","Other Other",56,33,10,1,0
"15.4.24","Other SNP",62,29,8,1,0
"15.4.24","White Brexit Party",49,37,13,1,0
"15.4.24","White Conservatives",23,43,30,4,0
"15.4.24","White Greens",32,43,22,2,0
"15.4.24","White Labour",37,42,19,2,0
"15.4.24","White Liberal Democrats",36,43,20,2,0
"15.4.24","White Other",32,43,22,2,0
"15.4.24","White SNP",38,42,18,2,0
"29.4.24","National",35,43,19,2,1
"29.4.24","Female",35,43,20,2,1
"29.4.24","Male",36,43,19,2,0
"29.4.24","18-24",33,43,21,2,1
"29.4.24","25-49",33,43,21,2,1
"29.4.24","50-64",39,42,17,2,0
"29.4.24","65+",36,43,19,2,0
"29.4.24","Asian",27,44,25,3,1
"29.4.24","Black",22,43,30,4,1
"29.4.24","Mixed",29,44,23,3,1
"29.4.24","Other",41,41,16,2,0
"29.4.24","White",37,43,18,2,0
"29.4.24","Brexit Party",47,39,13,1,0
"29.4.24","Conservatives",28,45,24,3,1
"29.4.24","Greens",46,39,13,1,0
"29.4.24","Labour",42,41,15,1,0
"29.4.24","Liberal Democrats",34,44,19,2,0
"29.4.24","Other",33,44,20,2,1
"29.4.24","SNP",50,37,11,1,0
"29.4.24","Female 18-24",33,44,21,2,1
"29.4.24","Female 25-49",31,44,22,3,1
"29.4.24","Female 50-64",36,43,19,2,0
"29.4.24","Female 65+",39,42,17,2,0
"29.4.24","Male 18-24",33,43,21,2,1
"29.4.24","Male 25-49",35,43,19,2,1
"29.4.24","Male 50-64",41,41,16,2,0
"29.4.24","Male 65+",33,43,21,2,1
"29.4.24","Female Asian",26,44,26,3,1
"29.4.24","Female Black",22,43,30,4,1
"29.4.24","Female Mixed",30,44,23,3,1
"29.4.24","Female Other",41,41,16,2,0
"29.4.24","Female White",36,43,19,2,0
"29.4.24","Male Asian",28,44,24,3,1
"29.4.24","Male Black",22,43,30,4,1
"29.4.24","Male Mixed",29,44,24,3,1
"29.4.24","Male Other",41,41,16,2,0
"29.4.24","Male White",38,43,18,2,0
"29.4.24","Female Brexit Party",46,39,13,1,0
"29.4.24","Female Conservatives",28,45,24,3,1
"29.4.24","Female Greens",45,40,14,1,0
"29.4.24","Female Labour",41,42,16,2,0
"29.4.24","Female Liberal Democrats",33,44,20,2,1
"29.4.24","Female Other",32,44,21,2,1
"29.4.24","Female SNP",49,38,12,1,0
"29.4.24","Male Brexit Party",47,39,13,1,0
"29.4.24","Male Conservatives",28,45,24,3,1
"29.4.24","Male Greens",48,39,12,1,0
"29.4.24","Male Labour",44,40,14,1,0
"29.4.24","Male Liberal Democrats",35,44,19,2,0
"29.4.24","Male Other",33,44,20,2,1
"29.4.24","Male SNP",52,36,11,1,0
"29.4.24","18-24 Asian",26,44,26,3,1
"29.4.24","18-24 Black",21,43,31,4,1
"29.4.24","18-24 Mixed",28,44,24,3,1
"29.4.24","18-24 Other",40,42,16,2,0
"29.4.24","18-24 White",35,43,19,2,0
"29.4.24","25-49 Asian",26,44,26,3,1
"29.4.24","25-49 Black",21,43,31,4,1
"29.4.24","25-49 Mixed",27,44,25,3,1
"29.4.24","25-49 Other",40,42,16,2,0
"29.4.24","25-49 White",35,43,19,2,1
"29.4.24","50-64 Asian",30,44,23,3,1
"29.4.24","50-64 Black",25,44,27,3,1
"29.4.24","50-64 Mixed",32,44,21,2,1
"29.4.24","50-64 Other",45,39,14,1,0
"29.4.24","50-64 White",40,42,16,2,0
"29.4.24","65+ Asian",28,44,24,3,1
"29.4.24","65+ Black",22,43,30,4,1
"29.4.24","65+ Mixed",30,44,23,3,1
"29.4.24","65+ Other",41,41,15,2,0
"29.4.24","65+ White",38,43,18,2,0
"29.4.24","18-24 Brexit Party",39,43,16,2,0
"29.4.24","18-24 Conservatives",21,44,30,4,1
"29.4.24","18-24 Greens",40,42,16,2,0
"29.4.24","18-24 Labour",37,43,18,2,0
"29.4.24","18-24 Liberal Democrats",28,45,24,3,1
"29.4.24","18-24 Other",26,45,26,3,1
"29.4.24","18-24 SNP",45,40,13,1,0
"29.4.24","25-49 Brexit Party",41,42,15,1,0
"29.4.24","25-49 Conservatives",23,44,28,3,1
"29.4.24","25-49 Greens",43,41,14,1,0
"29.4.24","25-49 Labour",39,42,16,2,0
"29.4.24","25-49 Liberal Democrats",30,45,22,2,1
"29.4.24","25-49 Other",28,45,23,3,1
"29.4.24","25-49 SNP",47,39,12,1,0
"29.4.24","50-64 Brexit Party",50,37,11,1,0
"29.4.24","50-64 Conservatives",30,45,22,2,1
"29.4.24","50-64 Greens",52,36,10,1,0
"29.4.24","50-64 Labour",49,38,12,1,0
"29.4.24","50-64 Liberal Democrats",39,43,16,2,0
"29.4.24","50-64 Other",37,43,17,2,0
"29.4.24","50-64 SNP",56,34,9,1,0
"29.4.24","65+ Brexit Party",49,38,12,1,0
"29.4.24","65+ Conservatives",30,45,22,2,1
"29.4.24","65+ Greens",53,36,10,1,0
"29.4.24","65+ Labour",49,38,12,1,0
"29.4.24","65+ Liberal Democrats",39,43,17,2,0
"29.4.24","65+ Other",36,44,18,2,0
"29.4.24","65+ SNP",56,34,9,1,0
"29.4.24","Asian Brexit Party",36,44,18,2,0
"29.4.24","Asian Conservatives",20,43,32,4,1
"29.4.24","Asian Greens",36,44,18,2,0
"29.4.24","Asian Labour",32,45,20,2,1
"29.4.24","Asian Liberal Democrats",25,45,26,3,1
"29.4.24","Asian Other",24,45,27,3,1
"29.4.24","Asian SNP",40,42,16,2,0
"29.4.24","Black Brexit Party",31,45,21,2,1
"29.4.24","Black Conservatives",16,42,36,5,1
"29.4.24","Black Greens",31,45,21,2,1
"29.4.24","Black Labour",28,45,24,3,1
"29.4.24","Black Liberal Democrats",21,44,30,4,1
"29.4.24","Black Other",20,44,31,4,1
"29.4.24","Black SNP",35,44,19,2,0
"29.4.24","Mixed Brexit Party",40,42,16,2,0
"29.4.24","Mixed Conservatives",23,45,28,3,1
"29.4.24","Mixed Greens",40,42,16,2,0
"29.4.24","Mixed Labour",36,44,18,2,0
"29.4.24","Mixed Liberal Democrats",29,45,23,3,1
"29.4.24","Mixed Other",27,45,24,3,1
"29.4.24","Mixed SNP",44,41,14,1,0
"29.4.24","Other Brexit Party",54,35,10,1,0
"29.4.24","Other Conservatives",34,44,19,2,0
"29.4.24","Other Greens",54,35,10,1,0
"29.4.24","Other Labour",50,38,11,1,0
"29.4.24","Other Liberal Democrats",41,42,15,1,0
"29.4.24","Other Other",39,43,16,2,0
"29.4.24","Other SNP",58,33,8,1,0
"29.4.24","White Brexit Party",48,38,12,1,0
"29.4.24","White Conservatives",29,45,23,2,1
"29.4.24","White Greens",48,38,12,1,0
"29.4.24","White Labour",44,40,14,1,0
"29.4.24","White Liberal Democrats",36,44,18,2,0
"29.4.24","White Other",34,44,19,2,0
"29.4.24","White SNP",52,36,10,1,0
"13.5.24","National",34,41,21,3,0
"13.5.24","Female",34,41,21,3,0
"13.5.24","Male",35,41,21,3,0
"13.5.24","18-24",32,42,23,3,0
"13.5.24","25-49",31,42,23,4,0
"13.5.24","50-64",35,41,20,3,0
"13.5.24","65+",39,40,18,3,0
"13.5.24","Asian",26,42,27,4,0
"13.5.24","Black",23,42,29,5,1
"13.5.24","Mixed",21,41,31,6,1
"13.5.24","Other",41,40,16,2,0
"13.5.24","White",36,41,20,3,0
"13.5.24","Brexit Party",50,36,12,2,0
"13.5.24","Conservatives",28,43,25,4,0
"13.5.24","Greens",37,42,19,3,0
"13.5.24","Labour",39,41,18,2,0
"13.5.24","Liberal Democrats",37,41,19,3,0
"13.5.24","Other",37,41,19,3,0
"13.5.24","SNP",50,36,12,2,0
"13.5.24","Female 18-24",29,42,24,4,0
"13.5.24","Female 25-49",29,42,25,4,0
"13.5.24","Female 50-64",36,41,20,3,0
"13.5.24","Female 65+",40,40,17,2,0
"13.5.24","Male 18-24",34,42,21,3,0
"13.5.24","Male 25-49",33,42,22,3,0
"13.5.24","Male 50-64",35,42,20,3,0
"13.5.24","Male 65+",37,41,19,3,0
"13.5.24","Female Asian",25,42,28,5,1
"13.5.24","Female Black",22,41,30,5,1
"13.5.24","Female Mixed",21,41,31,6,1
"13.5.24","Female Other",40,40,17,2,0
"13.5.24","Female White",36,41,20,3,0
"13.5.24","Male Asian",27,42,26,4,0
"13.5.24","Male Black",24,42,29,5,1
"13.5.24","Male Mixed",21,41,31,5,1
"13.5.24","Male Other",42,40,16,2,0
"13.5.24","Male White",36,41,19,3,0
"13.5.24","Female Brexit Party",51,35,12,1,0
"13.5.24","Female Conservatives",28,42,25,4,0
"13.5.24","Female Greens",36,41,19,3,0
"13.5.24","Female Labour",37,41,19,3,0
"13.5.24","Female Liberal Democrats",36,41,19,3,0
"13.5.24","Female Other",38,41,18,3,0
"13.5.24","Female SNP",48,37,13,2,0
"13.5.24","Male Brexit Party",50,36,12,2,0
"13.5.24","Male Conservatives",27,43,25,4,0
"13.5.24","Male Greens",37,42,18,3,0
"13.5.24","Male Labour",40,41,17,2,0
"13.5.24","Male Liberal Democrats",37,42,18,3,0
"13.5.24","Male Other",37,42,19,3,0
"13.5.24","Male SNP",51,36,12,1,0
"13.5.24","18-24 Asian",25,42,27,4,0
"13.5.24","18-24 Black",22,41,31,5,1
"13.5.24","18-24 Mixed",19,40,34,6,1
"13.5.24","18-24 Other",38,41,18,2,0
"13.5.24","18-24 White",34,42,21,3,0
"13.5.24","25-49 Asian",24,42,28,5,1
"13.5.24","25-49 Black",21,41,32,6,1
"13.5.24","25-49 Mixed",18,40,35,7,1
"13.5.24","25-49 Other",37,41,19,3,0
"13.5.24","25-49 White",33,42,22,3,0
"13.5.24","50-64 Asian",28,42,26,4,0
"13.5.24","50-64 Black",24,42,29,5,1
"13.5.24","50-64 Mixed",21,41,32,6,1
"13.5.24","50-64 Other",41,40,16,2,0
"13.5.24","50-64 White",37,41,19,3,0
"13.5.24","65+ Asian",31,42,23,3,0
"13.5.24","65+ Black",26,42,27,4,0
"13.5.24","65+ Mixed",24,42,29,5,1
"13.5.24","65+ Other",45,39,15,2,0
"13.5.24","65+ White",41,40,17,2,0
"13.5.24","18-24 Brexit Party",44,39,14,2,0
"13.5.24","18-24 Conservatives",21,42,31,5,1
"13.5.24","18-24 Greens",32,43,22,3,0
"13.5.24","18-24 Labour",34,42,21,3,0
"13.5.24","18-24 Liberal Democrats",31,43,23,3,0
"13.5.24","18-24 Other",31,43,23,3,0
"13.5.24","18-24 SNP",45,39,14,2,0
"13.5.24","25-49 Brexit Party",43,40,15,2,0
"13.5.24","25-49 Conservatives",22,42,31,5,1
"13.5.24","25-49 Greens",33,43,21,3,0
"13.5.24","25-49 Labour",36,42,19,3,0
"13.5.24","25-49 Liberal Democrats",32,43,22,3,0
"13.5.24","25-49 Other",32,43,22,3,0
"13.5.24","25-49 SNP",46,38,14,2,0
"13.5.24","50-64 Brexit Party",50,36,12,1,0
"13.5.24","50-64 Conservatives",28,43,25,4,0
"13.5.24","50-64 Greens",40,41,16,2,0
"13.5.24","50-64 Labour",43,40,15,2,0
"13.5.24","50-64 Liberal Democrats",39,41,17,2,0
"13.5.24","50-64 Other",38,42,18,2,0
"13.5.24","50-64 SNP",54,34,10,1,0
"13.5.24","65+ Brexit Party",56,33,10,1,0
"13.5.24","65+ Conservatives",33,43,21,3,0
"13.5.24","65+ Greens",47,38,13,2,0
"13.5.24","65+ Labour",50,36,12,2,0
"13.5.24","65+ Liberal Democrats",45,39,14,2,0
"13.5.24","65+ Other",44,39,15,2,0
"13.5.24","65+ SNP",59,31,9,1,0
"13.5.24","Asian Brexit Party",39,41,17,2,0
"13.5.24","Asian Conservatives",19,41,33,6,1
"13.5.24","Asian Greens",27,43,25,4,0
"13.5.24","Asian Labour",30,43,23,3,0
"13.5.24","Asian Liberal Democrats",27,43,25,4,0
"13.5.24","Asian Other",27,43,25,4,0
"13.5.24","Asian SNP",39,41,17,2,0
"13.5.24","Black Brexit Party",38,42,18,2,0
"13.5.24","Black Conservatives",18,40,34,6,1
"13.5.24","Black Greens",25,43,27,4,0
"13.5.24","Black Labour",27,43,26,4,0
"13.5.24","Black Liberal Democrats",26,43,27,4,0
"13.5.24","Black Other",26,43,26,4,0
"13.5.24","Black SNP",37,42,18,3,0
"13.5.24","Mixed Brexit Party",35,42,20,3,0
"13.5.24","Mixed Conservatives",17,40,36,7,1
"13.5.24","Mixed Greens",23,42,29,5,1
"13.5.24","Mixed Labour",25,43,28,4,0
"13.5.24","Mixed Liberal Democrats",24,42,29,5,1
"13.5.24","Mixed Other",24,43,28,5,1
"13.5.24","Mixed SNP",34,42,20,3,0
"13.5.24","Other Brexit Party",59,31,9,1,0
"13.5.24","Other Conservatives",35,42,20,3,0
"13.5.24","Other Greens",44,39,15,2,0
"13.5.24","Other Labour",47,38,13,2,0
"13.5.24","Other Liberal Democrats",45,39,14,2,0
"13.5.24","Other Other",46,39,14,2,0
"13.5.24","Other SNP",58,32,9,1,0
"13.5.24","White Brexit Party",52,35,11,1,0
"13.5.24","White Conservatives",29,43,24,4,0
"13.5.24","White Greens",39,41,17,2,0
"13.5.24","White Labour",41,41,16,2,0
"13.5.24","White Liberal Democrats",39,41,17,2,0
"13.5.24","White Other",39,41,17,2,0
"13.5.24","White SNP",52,35,11,1,0
"27.5.24","National",28,46,20,5,0
"27.5.24","Female",30,46,19,4,0
"27.5.24","Male",27,46,21,5,0
"27.5.24","18-24",32,46,18,4,0
"27.5.24","25-49",25,47,22,5,1
"27.5.24","50-64",27,47,21,5,0
"27.5.24","65+",32,45,18,4,0
"27.5.24","Asian",26,47,22,5,0
"27.5.24","Black",15,42,32,10,1
"27.5.24","Mixed",27,46,22,5,0
"27.5.24","Other",31,46,18,4,0
"27.5.24","White",29,46,19,4,0
"27.5.24","Brexit Party",21,46,26,7,1
"27.5.24","Conservatives",25,46,22,5,1
"27.5.24","Greens",29,46,19,4,0
"27.5.24","Labour",31,46,18,4,0
"27.5.24","Liberal Democrats",29,46,20,5,0
"27.5.24","Other",32,46,18,4,0
"27.5.24","SNP",39,44,14,3,0
"27.5.24","Female 18-24",33,46,17,4,0
"27.5.24","Female 25-49",25,47,22,5,1
"27.5.24","Female 50-64",26,47,22,5,1
"27.5.24","Female 65+",39,44,14,3,0
"27.5.24","Male 18-24",31,46,18,4,0
"27.5.24","Male 25-49",25,47,22,5,1
"27.5.24","Male 50-64",29,47,20,4,0
"27.5.24","Male 65+",26,46,22,5,1
"27.5.24","Female Asian",27,46,21,5,0
"27.5.24","Female Black",16,43,31,9,1
"27.5.24","Female Mixed",30,46,20,4,0
"27.5.24","Female Other",34,45,17,4,0
"27.5.24","Female White",31,46,19,4,0
"27.5.24","Male Asian",26,47,22,5,0
"27.5.24","Male Black",14,42,33,10,1
"27.5.24","Male Mixed",24,47,24,6,1
"27.5.24","Male Other",30,47,19,4,0
"27.5.24","Male White",28,47,20,5,0
"27.5.24","Female Brexit Party",23,46,24,6,1
"27.5.24","Female Conservatives",28,46,21,5,0
"27.5.24","Female Greens",30,46,19,4,0
"27.5.24","Female Labour",32,46,18,4,0
"27.5.24","Female Liberal Democrats",30,46,19,4,0
"27.5.24","Female Other",35,45,16,4,0
"27.5.24","Female SNP",39,44,14,3,0
"27.5.24","Male Brexit Party",20,46,27,7,1
"27.5.24","Male Conservatives",23,47,24,6,1
"27.5.24","Male Greens",28,47,20,5,0
"27.5.24","Male Labour",31,47,18,4,0
"27.5.24","Male Liberal Democrats",27,47,21,5,0
"27.5.24","Male Other",30,47,19,4,0
"27.5.24","Male SNP",38,44,14,3,0
"27.5.24","18-24 Asian",31,46,18,4,0
"27.5.24","18-24 Black",18,45,29,8,1
"27.5.24","18-24 Mixed",29,47,20,4,0
"27.5.24","18-24 Other",36,45,15,3,0
"27.5.24","18-24 White",34,46,17,4,0
"27.5.24","25-49 Asian",24,47,23,6,1
"27.5.24","25-49 Black",13,41,34,11,1
"27.5.24","25-49 Mixed",22,46,25,6,1
"27.5.24","25-49 Other",28,47,20,5,0
"27.5.24","25-49 White",26,47,22,5,0
"27.5.24","50-64 Asian",26,47,22,5,0
"27.5.24","50-64 Black",14,42,33,10,1
"27.5.24","50-64 Mixed",23,47,24,6,1
"27.5.24","50-64 Other",30,47,19,4,0
"27.5.24","50-64 White",28,47,20,5,0
"27.5.24","65+ Asian",32,46,18,4,0
"27.5.24","65+ Black",16,43,31,9,1
"27.5.24","65+ Mixed",29,46,20,5,0
"27.5.24","65+ Other",33,46,17,4,0
"27.5.24","65+ White",34,45,17,4,0
"27.5.24","18-24 Brexit Party",21,46,25,6,1
"27.5.24","18-24 Conservatives",26,47,22,5,0
"27.5.24","18-24 Greens",31,46,18,4,0
"27.5.24","18-24 Labour",34,46,16,3,0
"27.5.24","18-24 Liberal Democrats",31,47,18,4,0
"27.5.24","18-24 Other",33,46,17,4,0
"27.5.24","18-24 SNP",42,43,13,3,0
"27.5.24","25-49 Brexit Party",17,44,29,8,1
"27.5.24","25-49 Conservatives",21,46,26,7,1
"27.5.24","25-49 Greens",25,47,22,5,0
"27.5.24","25-49 Labour",28,47,20,5,0
"27.5.24","25-49 Liberal Democrats",25,47,22,5,1
"27.5.24","25-49 Other",27,47,21,5,0
"27.5.24","25-49 SNP",35,46,16,3,0
"27.5.24","50-64 Brexit Party",20,46,26,7,1
"27.5.24","50-64 Conservatives",24,47,23,6,1
"27.5.24","50-64 Greens",29,47,19,4,0
"27.5.24","50-64 Labour",32,46,18,4,0
"27.5.24","50-64 Liberal Democrats",28,47,20,4,0
"27.5.24","50-64 Other",31,47,18,4,0
"27.5.24","50-64 SNP",39,44,14,3,0
"27.5.24","65+ Brexit Party",24,46,23,6,1
"27.5.24","65+ Conservatives",30,46,19,4,0
"27.5.24","65+ Greens",38,44,15,3,0
"27.5.24","65+ Labour",39,43,14,3,0
"27.5.24","65+ Liberal Democrats",35,45,16,4,0
"27.5.24","65+ Other",37,44,15,3,0
"27.5.24","65+ SNP",45,41,12,2,0
"27.5.24","Asian Brexit Party",19,45,28,7,1
"27.5.24","Asian Conservatives",23,46,24,6,1
"27.5.24","Asian Greens",27,47,21,5,0
"27.5.24","Asian Labour",29,47,19,4,0
"27.5.24","Asian Liberal Democrats",26,47,21,5,0
"27.5.24","Asian Other",29,47,20,4,0
"27.5.24","Asian SNP",36,45,15,3,0
"27.5.24","Black Brexit Party",10,37,38,14,1
"27.5.24","Black Conservatives",13,40,35,11,1
"27.5.24","Black Greens",16,43,31,9,1
"27.5.24","Black Labour",17,44,30,8,1
"27.5.24","Black Liberal Democrats",15,43,32,9,1
"27.5.24","Black Other",17,44,30,8,1
"27.5.24","Black SNP",22,47,25,6,1
"27.5.24","Mixed Brexit Party",19,45,27,7,1
"27.5.24","Mixed Conservatives",24,46,23,6,1
"27.5.24","Mixed Greens",28,47,21,5,0
"27.5.24","Mixed Labour",29,47,19,4,0
"27.5.24","Mixed Liberal Democrats",27,47,21,5,0
"27.5.24","Mixed Other",30,46,19,4,0
"27.5.24","Mixed SNP",36,45,15,3,0
"27.5.24","Other Brexit Party",23,47,24,6,1
"27.5.24","Other Conservatives",28,47,20,5,0
"27.5.24","Other Greens",33,46,17,4,0
"27.5.24","Other Labour",35,45,16,3,0
"27.5.24","Other Liberal Democrats",32,46,17,4,0
"27.5.24","Other Other",35,45,16,3,0
"27.5.24","Other SNP",43,42,12,2,0
"27.5.24","White Brexit Party",22,46,25,6,1
"27.5.24","White Conservatives",26,47,21,5,0
"27.5.24","White Greens",30,47,19,4,0
"27.5.24","White Labour",32,46,17,4,0
"27.5.24","White Liberal Democrats",30,47,19,4,0
"27.5.24","White Other",33,46,17,4,0
"27.5.24","White SNP",40,44,13,3,0
"10.6.24","National",37,42,18,3,0
"10.6.24","Female",37,42,17,3,0
"10.6.24","Male",37,42,18,3,1
"10.6.24","18-24",40,41,16,2,0
"10.6.24","25-49",31,44,21,3,1
"10.6.24","50-64",40,42,16,2,0
"10.6.24","65+",42,40,15,2,0
"10.6.24","Asian",30,45,21,3,1
"10.6.24","Black",10,34,43,11,2
"10.6.24","Mixed",40,42,15,2,0
"10.6.24","Other",58,33,8,1,0
"10.6.24","White",38,43,16,2,0
"10.6.24","Brexit Party",46,39,13,2,0
"10.6.24","Conservatives",31,44,21,3,1
"10.6.24","Greens",44,40,14,2,0
"10.6.24","Labour",42,41,15,2,0
"10.6.24","Liberal Democrats",39,42,16,3,0
"10.6.24","Other",30,44,22,4,1
"10.6.24","SNP",54,35,10,1,0
"10.6.24","Female 18-24",40,41,16,2,0
"10.6.24","Female 25-49",31,44,21,3,1
"10.6.24","Female 50-64",39,42,16,2,0
"10.6.24","Female 65+",44,40,14,2,0
"10.6.24","Male 18-24",40,41,16,2,0
"10.6.24","Male 25-49",31,44,21,3,1
"10.6.24","Male 50-64",41,41,15,2,0
"10.6.24","Male 65+",40,41,17,3,0
"10.6.24","Female Asian",30,45,21,3,1
"10.6.24","Female Black",10,33,43,12,2
"10.6.24","Female Mixed",41,42,15,2,0
"10.6.24","Female Other",57,33,8,1,0
"10.6.24","Female White",39,43,16,2,0
"10.6.24","Male Asian",30,45,21,3,1
"10.6.24","Male Black",10,34,43,11,2
"10.6.24","Male Mixed",39,43,16,2,0
"10.6.24","Male Other",58,33,8,1,0
"10.6.24","Male White",38,43,16,2,0
"10.6.24","Female Brexit Party",47,39,13,2,0
"10.6.24","Female Conservatives",32,44,20,3,1
"10.6.24","Female Greens",44,40,14,2,0
"10.6.24","Female Labour",41,41,15,2,0
"10.6.24","Female Liberal Democrats",39,42,16,2,0
"10.6.24","Female Other",31,44,21,4,1
"10.6.24","Female SNP",54,35,10,1,0
"10.6.24","Male Brexit Party",45,39,13,2,0
"10.6.24","Male Conservatives",31,44,21,4,1
"10.6.24","Male Greens",43,40,14,2,0
"10.6.24","Male Labour",42,41,15,2,0
"10.6.24","Male Liberal Democrats",38,42,17,3,0
"10.6.24","Male Other",29,44,22,4,1
"10.6.24","Male SNP",55,34,10,1,0
"10.6.24","18-24 Asian",35,44,18,3,0
"10.6.24","18-24 Black",11,36,41,10,2
"10.6.24","18-24 Mixed",43,42,14,2,0
"10.6.24","18-24 Other",61,31,7,1,0
"10.6.24","18-24 White",42,42,14,2,0
"10.6.24","25-49 Asian",26,45,24,4,1
"10.6.24","25-49 Black",8,29,46,14,3
"10.6.24","25-49 Mixed",32,45,20,3,0
"10.6.24","25-49 Other",50,38,11,1,0
"10.6.24","25-49 White",32,45,20,3,0
"10.6.24","50-64 Asian",34,44,19,3,0
"10.6.24","50-64 Black",11,35,42,11,2
"10.6.24","50-64 Mixed",41,42,15,2,0
"10.6.24","50-64 Other",60,32,8,1,0
"10.6.24","50-64 White",41,42,15,2,0
"10.6.24","65+ Asian",36,44,17,2,0
"10.6.24","65+ Black",11,36,41,10,2
"10.6.24","65+ Mixed",43,41,13,2,0
"10.6.24","65+ Other",61,31,7,1,0
"10.6.24","65+ White",43,41,13,2,0
"10.6.24","18-24 Brexit Party",44,40,13,2,0
"10.6.24","18-24 Conservatives",29,45,22,4,1
"10.6.24","18-24 Greens",44,40,13,2,0
"10.6.24","18-24 Labour",43,40,14,2,0
"10.6.24","18-24 Liberal Democrats",39,42,16,2,0
"10.6.24","18-24 Other",28,45,23,4,1
"10.6.24","18-24 SNP",56,34,9,1,0
"10.6.24","25-49 Brexit Party",36,44,17,3,0
"10.6.24","25-49 Conservatives",22,45,27,5,1
"10.6.24","25-49 Greens",36,43,17,3,0
"10.6.24","25-49 Labour",36,44,18,3,0
"10.6.24","25-49 Liberal Democrats",31,45,20,3,1
"10.6.24","25-49 Other",22,45,28,5,1
"10.6.24","25-49 SNP",48,39,12,2,0
"10.6.24","50-64 Brexit Party",48,38,11,2,0
"10.6.24","50-64 Conservatives",32,45,19,3,1
"10.6.24","50-64 Greens",49,38,11,2,0
"10.6.24","50-64 Labour",48,39,12,2,0
"10.6.24","50-64 Liberal Democrats",43,41,14,2,0
"10.6.24","50-64 Other",32,45,19,3,1
"10.6.24","50-64 SNP",60,31,8,1,0
"10.6.24","65+ Brexit Party",52,36,11,2,0
"10.6.24","65+ Conservatives",37,43,17,3,0
"10.6.24","65+ Greens",54,35,10,1,0
"10.6.24","65+ Labour",53,35,10,1,0
"10.6.24","65+ Liberal Democrats",47,38,12,2,0
"10.6.24","65+ Other",36,43,18,3,0
"10.6.24","65+ SNP",64,28,7,1,0
"10.6.24","Asian Brexit Party",37,44,16,2,0
"10.6.24","Asian Conservatives",23,45,26,4,1
"10.6.24","Asian Greens",36,44,17,2,0
"10.6.24","Asian Labour",34,45,18,3,0
"10.6.24","Asian Liberal Democrats",30,45,20,3,1
"10.6.24","Asian Other",22,45,27,5,1
"10.6.24","Asian SNP",47,40,12,2,0
"10.6.24","Black Brexit Party",14,40,37,8,1
"10.6.24","Black Conservatives",8,30,46,14,3
"10.6.24","Black Greens",12,38,39,9,2
"10.6.24","Black Labour",12,37,40,9,2
"10.6.24","Black Liberal Democrats",10,35,42,10,2
"10.6.24","Black Other",7,29,47,15,3
"10.6.24","Black SNP",19,44,31,6,1
"10.6.24","Mixed Brexit Party",50,38,11,1,0
"10.6.24","Mixed Conservatives",34,45,18,3,0
"10.6.24","Mixed Greens",47,39,12,2,0
"10.6.24","Mixed Labour",45,40,13,2,0
"10.6.24","Mixed Liberal Democrats",42,42,14,2,0
"10.6.24","Mixed Other",33,45,19,3,0
"10.6.24","Mixed SNP",58,33,8,1,0
"10.6.24","Other Brexit Party",67,26,5,1,0
"10.6.24","Other Conservatives",52,37,10,1,0
"10.6.24","Other Greens",65,28,6,1,0
"10.6.24","Other Labour",63,30,7,1,0
"10.6.24","Other Liberal Democrats",60,31,7,1,0
"10.6.24","Other Other",50,38,11,1,0
"10.6.24","Other SNP",75,21,4,0,0
"10.6.24","White Brexit Party",48,39,12,2,0
"10.6.24","White Conservatives",32,45,19,3,0
"10.6.24","White Greens",45,40,12,2,0
"10.6.24","White Labour",43,41,13,2,0
"10.6.24","White Liberal Democrats",40,43,15,2,0
"10.6.24","White Other",31,45,20,3,1
"10.6.24","White SNP",56,34,8,1,0
"24.6.24","National",37,41,18,3,0
"24.6.24","Female",37,41,19,3,0
"24.6.24","Male",38,41,17,3,0
"24.6.24","18-24",27,44,24,4,1
"24.6.24","25-49",30,44,22,4,0
"24.6.24","50-64",39,42,16,2,0
"24.6.24","65+",51,36,11,2,0
"24.6.24","Asian",29,44,23,4,0
"24.6.24","Black",19,41,32,7,1
"24.6.24","Mixed",31,43,22,4,0
"24.6.24","Other",52,35,11,2,0
"24.6.24","White",39,41,17,3,0
"24.6.24","Brexit Party",34,42,20,3,0
"24.6.24","Conservatives",36,42,19,3,0
"24.6.24","Greens",38,41,17,3,0
"24.6.24","Labour",39,41,17,3,0
"24.6.24","Liberal Democrats",37,42,18,3,0
"24.6.24","Other",29,43,24,4,1
"24.6.24","SNP",48,37,12,2,0
"24.6.24","Female 18-24",27,44,24,4,1
"24.6.24","Female 25-49",27,44,25,4,1
"24.6.24","Female 50-64",36,43,18,3,0
"24.6.24","Female 65+",54,35,10,1,0
"24.6.24","Male 18-24",26,44,25,4,1
"24.6.24","Male 25-49",33,44,20,3,0
"24.6.24","Male 50-64",41,41,15,2,0
"24.6.24","Male 65+",47,38,13,2,0
"24.6.24","Female Asian",27,43,25,4,1
"24.6.24","Female Black",17,39,34,8,1
"24.6.24","Female Mixed",32,42,22,4,0
"24.6.24","Female Other",49,37,12,2,0
"24.6.24","Female White",38,41,17,3,0
"24.6.24","Male Asian",30,44,22,4,0
"24.6.24","Male Black",20,42,31,6,1
"24.6.24","Male Mixed",30,43,22,4,0
"24.6.24","Male Other",54,35,10,1,0
"24.6.24","Male White",40,42,16,2,0
"24.6.24","Female Brexit Party",35,41,20,3,0
"24.6.24","Female Conservatives",36,41,20,3,0
"24.6.24","Female Greens",38,41,18,3,0
"24.6.24","Female Labour",37,41,18,3,0
"24.6.24","Female Liberal Democrats",36,41,19,3,0
"24.6.24","Female Other",30,41,24,4,1
"24.6.24","Female SNP",46,38,13,2,0
"24.6.24","Male Brexit Party",34,43,20,3,0
"24.6.24","Male Conservatives",35,42,19,3,0
"24.6.24","Male Greens",39,41,17,3,0
"24.6.24","Male Labour",42,41,15,2,0
"24.6.24","Male Liberal Democrats",38,42,17,3,0
"24.6.24","Male Other",28,43,24,4,1
"24.6.24","Male SNP",50,36,11,2,0
"24.6.24","18-24 Asian",23,44,27,5,1
"24.6.24","18-24 Black",12,36,40,10,1
"24.6.24","18-24 Mixed",19,43,31,6,1
"24.6.24","18-24 Other",38,43,16,2,0
"24.6.24","18-24 White",29,45,23,4,0
"24.6.24","25-49 Asian",25,44,26,4,1
"24.6.24","25-49 Black",13,38,38,9,1
"24.6.24","25-49 Mixed",21,43,29,6,1
"24.6.24","25-49 Other",41,41,15,2,0
"24.6.24","25-49 White",31,44,21,3,0
"24.6.24","50-64 Asian",33,44,20,3,0
"24.6.24","50-64 Black",19,42,32,6,1
"24.6.24","50-64 Mixed",29,44,23,4,0
"24.6.24","50-64 Other",51,37,11,1,0
"24.6.24","50-64 White",40,42,16,2,0
"24.6.24","65+ Asian",46,40,13,2,0
"24.6.24","65+ Black",27,45,24,4,1
"24.6.24","65+ Mixed",40,42,15,2,0
"24.6.24","65+ Other",62,30,7,1,0
"24.6.24","65+ White",53,36,10,1,0
"24.6.24","18-24 Brexit Party",19,43,31,6,1
"24.6.24","18-24 Conservatives",20,43,31,6,1
"24.6.24","18-24 Greens",27,44,24,4,1
"24.6.24","18-24 Labour",30,44,22,4,0
"24.6.24","18-24 Liberal Democrats",24,44,26,5,1
"24.6.24","18-24 Other",16,40,35,8,1
"24.6.24","18-24 SNP",37,43,17,3,0
"24.6.24","25-49 Brexit Party",23,44,27,5,1
"24.6.24","25-49 Conservatives",23,44,27,5,1
"24.6.24","25-49 Greens",32,44,21,3,0
"24.6.24","25-49 Labour",34,44,19,3,0
"24.6.24","25-49 Liberal Democrats",28,44,23,4,0
"24.6.24","25-49 Other",20,43,31,6,1
"24.6.24","25-49 SNP",42,41,15,2,0
"24.6.24","50-64 Brexit Party",34,44,19,3,0
"24.6.24","50-64 Conservatives",34,44,19,3,0
"24.6.24","50-64 Greens",44,40,14,2,0
"24.6.24","50-64 Labour",47,39,12,2,0
"24.6.24","50-64 Liberal Democrats",40,42,16,2,0
"24.6.24","50-64 Other",29,45,22,4,0
"24.6.24","50-64 SNP",55,35,9,1,0
"24.6.24","65+ Brexit Party",46,39,13,2,0
"24.6.24","65+ Conservatives",47,38,12,2,0
"24.6.24","65+ Greens",59,32,8,1,0
"24.6.24","65+ Labour",61,30,8,1,0
"24.6.24","65+ Liberal Democrats",54,35,10,1,0
"24.6.24","65+ Other",41,41,15,2,0
"24.6.24","65+ SNP",67,26,6,1,0
"24.6.24","Asian Brexit Party",25,43,26,5,1
"24.6.24","Asian Conservatives",26,43,26,5,1
"24.6.24","Asian Greens",30,44,22,4,0
"24.6.24","Asian Labour",31,44,21,3,0
"24.6.24","Asian Liberal Democrats",28,44,24,4,1
"24.6.24","Asian Other",20,42,31,6,1
"24.6.24","Asian SNP",39,42,16,2,0
"24.6.24","Black Brexit Party",17,40,34,8,1
"24.6.24","Black Conservatives",18,41,33,7,1
"24.6.24","Black Greens",19,41,32,7,1
"24.6.24","Black Labour",20,42,31,6,1
"24.6.24","Black Liberal Democrats",19,41,32,7,1
"24.6.24","Black Other",14,37,38,10,1
"24.6.24","Black SNP",27,43,25,4,1
"24.6.24","Mixed Brexit Party",29,43,23,4,1
"24.6.24","Mixed Conservatives",30,43,22,4,0
"24.6.24","Mixed Greens",31,42,22,4,0
"24.6.24","Mixed Labour",32,42,21,4,0
"24.6.24","Mixed Liberal Democrats",31,42,22,4,0
"24.6.24","Mixed Other",24,42,28,6,1
"24.6.24","Mixed SNP",41,40,16,2,0
"24.6.24","Other Brexit Party",49,37,12,2,0
"24.6.24","Other Conservatives",51,36,11,2,0
"24.6.24","Other Greens",52,36,11,2,0
"24.6.24","Other Labour",53,35,10,1,0
"24.6.24","Other Liberal Democrats",52,35,11,2,0
"24.6.24","Other Other",42,40,15,2,0
"24.6.24","Other SNP",63,29,7,1,0
"24.6.24","White Brexit Party",36,43,19,3,0
"24.6.24","White Conservatives",37,42,18,3,0
"24.6.24","White Greens",40,41,16,2,0
"24.6.24","White Labour",41,41,15,2,0
"24.6.24","White Liberal Democrats",39,42,17,3,0
"24.6.24","White Other",30,43,23,4,0
"24.6.24","White SNP",50,37,11,2,0
